name,screen_name,tweet_count,likes,follower_count,following,default image,location,date created
üåà,t,9173,0,73523,1599,FALSE,Pacific Time Zone,2006
Game of Thrones Facts,thronesfacts,909,10628,69849,81,FALSE,What.the.tweets@gmail.com,2017
President Trump,Writeintrump,3524,23884,52210,44603,FALSE,New York City,2012
Pick Up Line Central,TotalPickUps,2368,16,51173,14393,FALSE,Your Pants! (Hopefully ;) ),2013
3D Printing News,3DPrintGirl,18932,44,47833,16569,FALSE,New York,2013
Squilliam,FunnySquilliam,18,2982,40096,44326,FALSE,USA,2015
Our Revoluci√≥n,Latinos4Bernie,5134,4016,38148,18565,FALSE,LatinosforBernie@gmail.com,2015
White Girl,FunnyReginaLmao,22,5172,34951,13686,FALSE,USA,2015
Spongebob Moments,Spongeboblols,1073,58,34684,23534,FALSE,Weenie Hut JR's,2016
Crazy Stupid Love,ohhCrazyLove,4307,9,32307,15493,FALSE,,2012
skate,skatemaIoleyla,90,1,32071,21619,FALSE,,2012
Feliz Navidaddy üêùüá©üá¥üéÑ,SavinTheBees,22868,11783,30643,343,FALSE,LA/Sacramento California,2015
ObamaPlusKids,ObamaPlusKids,2075,52,29158,1,FALSE,,2017
YA BOY BERNIE,yaboyberniesand,7370,5900,28758,16896,FALSE,Da White House 2016,2015
YSBG PR,YSBG_PR,12851,2491,27319,30036,FALSE,Worldwide,2014
Scaramucci Post,ScaramucciPost,5039,1429,24148,6358,FALSE,,2017
Dental Health Blog,dental_blogger,1256,2,21077,15851,TRUE,"Montreal, Quebec, Canada",2010
Cereal,Areusupercereal,13098,9360,19685,209,FALSE,Kermit the Frogs House,2013
Djoir_Bieber_1D,Djoir_1D_Bieber,5937,12,16928,6273,FALSE,"Red Hill, SC",2015
Tattoo In New York ‚ù§,TattooArtistNY,21691,0,16822,5938,FALSE,New York,2011
Mason Levi,iAmMasonLevi,8063,9422,13518,679,FALSE,"Pittsburgh, PA",2013
She Wants The D,SheDrreamsTheD,4467,0,13379,35140,FALSE,@SheDreamsTheD Follows You,2012
Food Porn,MmmYummyFood,12942,0,13285,10476,FALSE,,2011
Liberal Comedian,LiberalComedian,284,19299,12536,13524,FALSE,Youtube: HypocriteTwins,2015
KMarlon,KMarlon,242,0,11815,15440,FALSE,Stockholm,2009
YouKnowYouCheerWhen,uknowucheerwhen,323,0,10237,2403,FALSE,,2011
maria loves taehyung ü•Ä check üìå,btsasroses,1196,5919,9587,7563,FALSE,"ga‚Ñ¢,, squishy army‚Ñ¢",2014
Sherika Twanna,SherikaTwanna,131,0,8904,5601,FALSE,Ubon Ratchathani,2013
‚ÄéŸã,gayandtirred,24023,41336,8588,196,FALSE,üáµüá∑,2014
D$D,dopesh_tdaily,152,61,6419,870,FALSE,,2016
Daniel Alter,DAlter007,15155,18829,6282,999,FALSE,LA/NYC,2013
Ray Minaj üëë,nicki_minaj1208,21073,42194,5688,4916,FALSE,"Brooklyn, NY",2017
FREE PUBLICITY,FREE_PUBLICITY_,298,0,5376,5452,FALSE,Worldwide,2010
Jarrod‚ùÑ‚õ∞‚ùÑ,JarrodTheLord,17275,27500,4330,4216,FALSE,"HOUSTON, TX",2012
B. Cayenne Bird,BCayenneBird,128673,6629,4014,4882,FALSE,"Los Angeles, California",2011
kate üíï; lost üå±,smol_tae,4860,6845,3414,4997,FALSE,ily all my lovlies üåö  ‚ô•,2017
Terrapin Boobs,UMDBoobs,3756,8,3163,2580,FALSE,"College Park, Maryland",2013
Corey Bu-Shea,coreybking,116024,19953,3007,2840,FALSE,United States,2011
‚Ñ¨¬∞,AiiIuros,29722,8397,2973,591,FALSE, ‚éõ  …¥sÍú∞·¥°  ‚é†,2016
Peter Hurd,HurdIsTheWord52,494,1199,2780,4994,FALSE,"Minneapolis, MN",2016
Festive üíã,balmainstripper,60201,58254,2700,506,FALSE,A,2015
Libbs.,BarefordLibby,16608,31215,2423,1417,FALSE,,2013
Amy Phillips,Amy_ESPNPR,5630,2604,2409,1922,FALSE,New York,2009
Text RESIST to 50409,SarahhEvanss_,11014,30069,2211,722,FALSE,Purpose World Tour,2016
Jayden Seeley,JaydenSMusic,44,10,2128,3375,FALSE,"Sydney, Australia",2010
Jean,Jernzyjean,7298,5908,2104,3853,FALSE,Planet Earth,2014
BABA ONOWO,baba_onowo,909,4620,2077,4993,FALSE,"Dunkwa, Ghana",2013
tincanman,tincanman2010,70457,6414,1967,2887,FALSE,Vancouver/Abbotsford BC ,2009
DrJX1555,DJx1555,19560,33896,1917,4179,FALSE,,2017
Fourty Two,GaWdTeDaWg,12759,64,1806,4810,FALSE,,2015
Quomel,quomel15,90,1620,1780,1935,FALSE,"Nashville, TN",2016
Havre de Grace Patch,HavreGracePatch,14200,4,1739,420,FALSE,"Havre de Grace, MD",2010
Sharkey's Blacksburg,Sharkeys_Bburg,2096,773,1712,1685,FALSE,"220 N. Main St. Blacksburg, VA",2014
Freebies by Mail,FreeByMail,449,0,1703,985,FALSE,,2012
Puppy Pictures,PupPictures,162,0,1657,4041,FALSE,,2016
Wildflower Pictures,WildFPictures,114,189,1627,4982,FALSE,"Dublin City, Ireland",2016
jewel sarker,jewelsarker13,459,450,1611,4938,FALSE,maldive,2015
Thats What She Said,thtswhtshesd,3252,0,1573,2373,FALSE,"Scranton, PA",2010
Alex Paik,alexhpaik,4896,4461,1450,803,FALSE,Virginia Tech,2012
Ashley Kutcher,ashkutch4,11210,4073,1358,632,FALSE,,2012
Essay Writers,SuperiorPapers1,5232,14257,1335,3583,FALSE,"New York, NY, United States",2013
Aegis Sports,AegisSports,3604,17,1316,390,FALSE,"Harford County, Md.",2014
Ellie Silverman,esilverman11,1808,1869,1294,1063,FALSE,"Washington, DC",2013
jenny lou,jennybndr76,29279,18647,1282,2887,FALSE,,2011
ñ§ê,holyackIes,19016,21071,1281,71,FALSE,abnsdjm,2017
Kiersten Smith,K_SmithyRich,37494,14314,1254,931,FALSE,Maryland,2012
handy head,morethanmust,12818,17,1253,3812,FALSE,Ethersburg,2015
Cross Promotions,elacroix55,41,12,1240,4209,FALSE,"Ottawa, Ontario",2015
Victor Berry,victorberry,12593,4766,1225,2753,FALSE,"Bedford, TX",2008
Potomac Falls SCA,PotomacFallsSCA,1071,537,1173,1603,FALSE,,2012
The Roar,pfhstheroar,535,264,1169,1413,FALSE,,2013
‚úø Sabrina ‚úø,DMV_ravegirl,447,251,1161,4310,FALSE,"Washington, DC",2016
KB,_KB19_,12978,3447,1155,1472,FALSE,#AAMU18| R.I.P. Jay & Danny ,2013
kenzie,ohsweetkian,2784,5658,1147,80,FALSE,chokesquad‚Ñ¢ || lys,2017
Chris Walker,Chriswalker77,3164,741,1104,1219,FALSE,"Quincy, MA",2009
Fantha Tracks: Star Wars News In A Single File,FanthaTracks,1225,1615,1078,2367,FALSE,GFFA,2017
CP Cornerstone,CP_Cornerstone,179,62,1055,3136,FALSE,"College Park, MD",2015
kali ko kathouse,20kaliko,3955,0,1053,1696,FALSE,"prescott,az",2010
Dos Loco!,mrpoeticdreads,18029,638,1032,1929,FALSE,In a Crazy World.,2011
Cole Campbell,Ice_Cole_D,4198,25739,1011,769,FALSE,,2012
Science Eye,Sci3ye,5461,0,1011,1833,FALSE,,2014
Frank Roe,FrankRoeSalem,7481,2,1006,3610,FALSE,salem oregon,2010
Meganüåû,megan_middle,6981,16988,994,458,FALSE,"Richmond, VA",2012
Douglas Naumann,douglas_naumann,3416,6422,987,917,FALSE,,2011
John Jose,Massive_Muscle,1256,0,985,1047,FALSE,Vancouver,2010
ALookOnTheBrightSide,look2brightside,126,46,983,1652,FALSE,,2013
Ben Barna,sufferings,1696,553,958,2129,FALSE,,2009
Childish Jordino,mazza_jordan,6287,9687,958,605,FALSE,,2013
Anna Salgado,annalovesnugs,12340,38587,953,535,FALSE,Northern IL,2012
Liz Burleson,igorb4662,50481,34173,951,3422,FALSE,NC.  ‚ô• in Tuscaloosa,2014
Ethan Orloff,ethanorloff,23809,59915,933,4999,FALSE,"Antioch, CA",2009
matt schulte,matt61schulte,4260,468,932,2918,FALSE,Portland,2009
Liliana Maria Percy Ru√≠z,LilMPercy,3477,5060,928,992,FALSE,Minneapolis,2012
keva‚ú®,ooothatskevaa,5216,707,901,4951,FALSE,,2016
Brett Ashton,brettashtonsj,35678,6843,878,3346,FALSE,"San Jose, CA",2009
Laura Dorwart,lauramdorwart,261,1521,860,5002,FALSE,,2016
Johnny Stanton,johnnystantoniv,1685,2380,843,604,FALSE,"Las Vegas, NV",2015
Virginia Tech 2019,VTechClass2019,95,81,841,1287,FALSE,,2014
Laura,seeyourheyloe,3290,9261,823,4377,FALSE,DMV and NY (also Hogwarts),2009
Ryan Wells,ryanwells32,2108,6890,818,947,FALSE,"Sterling, VA",2012
Rawwrrr!!! ü¶Å,SuperLoweho,2638,4578,815,4107,FALSE,Outer-space,2013
Robert Long,Robert3Long,2042,114,807,1067,FALSE,,2012
Matt Oehrlein,MattOehrlein,169,111,806,331,FALSE,"Oakland, CA",2008
Gav,gotta_have_Gav,10150,13388,802,753,FALSE,"Maryland, USA",2012
Aloha Campus,AlohaCampus,122,0,799,949,FALSE,University of Hawaii ,2012
KevinAndEvija,KevinAndEvija,612,87,795,4335,FALSE,"England, United Kingdom",2017
Zack Patrick,Zack_Patrick22,11395,6663,788,527,FALSE,almost heaven,2011
Nick Williamson,Nwilli11,3941,2019,787,899,FALSE,,2012
Towson,Towsonturnup,932,27,785,1351,FALSE,"Towson, MD",2014
Mrs.Burgos,misscloudcaylen,13185,578,783,1923,FALSE,,2012
ISS New York [ND],ISeeStarsNY,789,2,781,1586,FALSE,New York,2010
Isabelle,IsabelleOMeara,6736,5194,778,611,FALSE,,2012
Andrew Gillis,Andrew_Gillis70,13774,41988,768,1102,FALSE,"Sterling, VA | Athens, OH",2011
Queer Hug Worldwide,Queerhug,1836,3713,768,551,FALSE,My world,2017
Pat Lee,PatriciaGailLee,5235,1893,765,931,FALSE,"Halifax, NS",2009
Just One More Thing,SadFndngFathers,971,32605,759,1265,FALSE,United States,2012
become famous,becomefamous,789,7,749,844,FALSE,hollywood,2009
Erica Sullivan,Erica_Sullivann,1943,5,746,708,FALSE,,2010
Kr$‚úà,k1ngkrs,28111,1331,746,685,FALSE,,2011
Ernesto Rivera,ernestorivera,8110,3521,720,1130,FALSE,"San Diego, CA",2009
Julia Wagner,jrwagz,4736,3049,707,834,FALSE,"London, England",2010
Liam Payne,Sexy1Dfans,4,0,706,1604,FALSE,,2012
free rt's,mememem31,22,23,701,4736,FALSE,,2017
Will Mavity,mavericksmovies,11735,9854,700,604,FALSE,,2011
Nick,LorenzoLupee,9491,4445,678,241,FALSE,Turnt City,2012
BanPrivatePrisonsVT,PvtPrisonBanVT,281,298,674,1793,FALSE,,2013
Katie,KatieSchultz74,5055,6494,670,638,FALSE,"Myrtle Beach, SC",2011
jeffonsecrets,jeffonsecrets,9619,0,665,40,FALSE,Melbourne,2009
Hannah,thebearcametoo,63342,13246,652,1157,FALSE,,2011
üë§,BADBOYSOGOOD,9,15,652,1431,FALSE,Chicago - Quad Cities ,2016
Anglea Westwood,AngleaWestwood,44,0,651,1477,FALSE,,2011
Scott Russell,pscottrussell,3079,4257,649,1782,FALSE,"Atlanta, GA",2014
‚õ±üå¥Marie‚òÄÔ∏è‚õ±,mawoee,22005,21836,649,1628,FALSE,Europe,2015
IDIGDARTS.COM,IDIGDARTS,19678,1,642,1881,FALSE,,2011
kam,KamiNorus,1862,5342,632,515,FALSE,"The Woodlands, TX",2013
LocalTownDealZ.com,LocalTownDealZ,233,3,625,1223,FALSE,,2012
HONEY,keepit_xoxo,6166,30883,624,142,FALSE,,2017
No Light & No Land,NoLightNoLand,91,619,623,1249,FALSE,"Los Angeles, CA",2017
Catherine Elfers‚öì,CatherineElfers,5949,6875,621,477,FALSE,,2011
Zachary Rugen,Zack_Rugen,14407,11749,616,566,FALSE,,2011
Matt Mologne,matt_mologne33,3494,3202,613,673,FALSE,"Potomac Falls, VA",2011
Jimmy McKeown,McKeownJimmy,12917,34743,606,518,FALSE,,2011
Emily Waite,waite_a_minute,21866,7123,595,440,FALSE,,2011
Christian Amici,Christian_Amici,3188,1070,593,47,FALSE,Havre de Grace,2011
Maya‚ô°,MayaForeverxoxo,27556,13878,589,569,FALSE,"Maryland, USA",2012
C Derock Mzanzi,cderockmzanzi,354,170,583,3468,FALSE,"Johannesburg, South Africa",2016
sex haver,size9crocs,600,3253,582,2433,FALSE,nc,2017
Virginia Tech 2018,VTechClass2018,134,69,578,761,FALSE,,2014
Caitlyn,caitlyn_po,5322,3633,570,429,FALSE,,2013
Alex Dansereau,beachdude42,6290,48060,568,2522,FALSE,,2013
bill haseltine,BillHaseltine,3093,3182,568,654,FALSE,,2013
Engineers' Forum,EngineersForum,821,23,567,1032,FALSE,"Blacksburg, VA",2010
Claire Lantzy,Claire_Lantzy,5226,13919,564,463,FALSE,,2012
Janine ‡ºÑ,janine_jks,47044,43848,563,3076,FALSE,Brasil üçÇüçÅ,2012
Lexi Rubin,LexiRubin08,5947,15841,550,1117,FALSE,,2013
Kev B ü§ôüèª,KevinnnBeee,9065,8833,540,986,FALSE,"McKinney, TX",2012
Reilly Crawford,reillycrawford2,5015,9763,540,717,FALSE,,2012
Shane Leaberry,Shane_L95,3241,1441,539,572,FALSE,Maryland,2010
Nick Vazquez,Nickvaz50,14203,5675,538,561,FALSE,,2012
Big Geek Adventure,geek_adventure,2080,2757,535,903,FALSE,Glasgow,2012
Aly Klein,aly_klein3,1137,3828,533,427,FALSE,,2013
engelbert humperdink,wyattgraham0,1065,1144,533,253,FALSE,,2014
Mara Truman,TheFlannelDeath,5420,15429,528,790,FALSE,"Binghamton, NY",2012
Megan Shock,Shocksterr,4449,2139,524,615,FALSE,,2011
GillianPollo,GillianPollo,2686,1,523,1741,FALSE,"Irwin,Ohio",2013
Colby Brown,Colby_A_Brown,1279,6455,523,638,FALSE,,2014
Cassie Hazlett,cass_hazlett,1988,8789,521,378,FALSE,,2013
Rahat Khan,Rahat_Khan777,0,21,520,5001,FALSE,"Dhaka, Bangladesh",2017
Michael McGilligan,Roving_Mike,1301,4347,514,3027,FALSE,"London, England",2009
SOBUGLEE,SOBUGLEE,521,2245,514,4649,FALSE,Worldwide ,2016
Timothy Cooper,therealtimothy,597,825,510,1253,FALSE,,2009
Crystal Steven,CrystalSteven2,1,0,508,2786,FALSE,,2016
Danielle‚ùÑÔ∏è,dklunk3,25448,6731,506,554,FALSE,"Chowan U, '18 ‚òÄÔ∏è",2013
Shamsuddin,carrtmz1,175,1,503,1609,FALSE,"DMV, Baltimore,philly",2013
Austin Larrowe,Alarrowe,2063,2062,499,709,FALSE,"Blacksburg, VA",2009
Pop,iLLPapa,20233,2892,499,378,FALSE,D[M]V,2010
J a n o s k i a n s,Janoskislut_US,138,33,494,1671,FALSE,,2012
Grant Reeves,aGrantReeves,2287,872,491,449,FALSE,,2012
–†—É—Å–ª–∞–Ω–∞,ruslanat78ia,1790,0,490,1538,FALSE,,2010
Michael Imbierowicz,mmwicz,3886,2281,484,430,FALSE,"Bel Air, MD",2012
SAE Music,SAEMusic,81,15,482,2313,FALSE,"Baltimore, Md",2009
Josiah Tate Burns,burnsjtate,4449,1332,481,2692,FALSE,"Connecticut, USA",2012
sluttyscuudaa,Whodatbenwhodat,1000,543,476,996,FALSE,,2012
Sam Heiser,Sam_ElvaJean,24119,17541,472,486,FALSE,UMD,2013
Audrey üíöüíô,AudreyRidgway,817,285,471,1930,FALSE,"Columbus, OH",2012
A Story Called Life,ASCLmusic,2892,0,470,1440,FALSE,,2010
IDGAFSTACKITUP,HuttonTrea,310,34,470,1804,FALSE,21078 939 410,2013
Bill Bateman's HDG,BillBatemansHDG,2619,0,461,778,FALSE,"Havre de Grace, Maryland",2011
Julia,breakintheJuls,33273,6815,459,462,FALSE,,2012
Parker Day,ParkerDay2,1950,1748,456,459,FALSE,,2012
Chase Coy Fan Club,ChaseCoy_Fans,222,0,454,1550,FALSE,Anywhere and Everywhere Óêâ,2011
Shawn K A,PopcornOnMute,12953,46724,449,2394,FALSE,Brooklyn NYC,2014
Amanda Bling,EminemIsMyLife0,585,5,447,1090,FALSE,LA,2012
Spongebob,MyBoySpongebob_,25,4,447,2917,FALSE, Pinapple under the sea ,2016
D_E_R_E_K,jking1098,316,49,446,1354,FALSE,,2014
Veranda,VerandaOfficial,230,92,443,351,FALSE,Northern Virginia,2013
Josh,starkey_josh_,3380,1232,440,279,FALSE,"Maryland, USA",2011
all time low,alltimelowquote,181,0,437,627,FALSE,everywhere :),2010
Todd Rosenfelt,Trosenfelt,3323,13971,430,2774,FALSE,los angeles,2007
Sarah,fricky_freshhh,2734,18789,430,365,FALSE,,2013
matt tierney,matt_tierney31,1235,1798,428,447,FALSE,,2013
Rose Canfield,rosefield3,1233,5168,428,514,FALSE,,2014
VT Class of 2018,VTClassof20181,149,19,422,315,FALSE,,2013
Zak,zak_wilson18,414,574,422,436,FALSE,,2013
bree,breonnawasion,12337,37147,421,339,FALSE,,2012
Thomas,ThomasPrinceii,1071,1865,421,2060,FALSE,Atlanta ,2012
Dan,DanvicRoyer,4212,5653,421,386,FALSE,,2013
Lexi Shangraw,TyranasrrusLex,2448,1807,418,361,FALSE,Arizona State ,2011
Kiki‚ú®,Kieraaa___,7253,2724,418,2370,FALSE,NC‚ú®,2016
summer,Poofpooff,1290,975,416,1416,FALSE,,2012
Mutha Fukkn $takk$,getstakks,217,69,412,871,FALSE,balls deep in her,2015
Towson Blackouts,TowsonBlackouts,73,8,411,1149,FALSE,"Towson, MD",2014
Fahim Bachu,FahimThe_Dream,506,825,411,277,FALSE,,2014
Towson Class Of 2018,Towson_2018,297,9,405,656,FALSE,,2014
Ancerg,Ancerg,38089,8530,402,2295,FALSE,Brazil,2009
Corinne Gould,Kaylindytz,6,0,397,1465,FALSE,Birmingham,2010
Peter Wingaling,Petemode,1679,8101,394,2288,FALSE,Michigan,2009
Gianna Nierwinski,gianna319,6974,5518,394,277,FALSE,"Bel Air, MD",2012
Jeannie Hardy,jeannie_hardy,672,1472,393,667,FALSE,,2013
B,briifreeze,1357,1330,393,358,FALSE,,2013
Cameron harlow,Cameronharlow,397,67,392,1744,FALSE,,2012
Ryan Lesane‚öΩÔ∏è,Ryan_Lesane25,3056,1624,387,378,FALSE,,2012
Brittany ‚ùÅ,b_mariiie,10629,13603,386,291,FALSE,"North Myrtle Beach, SC",2012
Spencer Hurrell,spencerhurrell,680,1278,381,369,FALSE,,2012
Ucron√≠a2036,Ucronia_2036,1342,8893,380,1334,FALSE,,2016
M √§ r √Ø s √§üå≥,Marisamarieee3,10081,10400,379,12,FALSE,‚ôãÔ∏è,2013
sarah,_SARAHWUVSU,115,1,376,1664,FALSE,,2012
Hana Patrick,HanaHcp,3905,5809,376,581,FALSE,,2013
Sam,scSSFC,11148,3698,376,2768,FALSE,,2013
John Thompson,JohnnyT2413,12238,28470,375,966,FALSE,,2009
Dan Scho,danoffthewall,6952,3018,374,270,FALSE,Haddy Grace,2010
Peter McMahon,itspetermc,1022,18151,374,1027,FALSE,London,2011
Hannah‚ú®,HManges,26299,10665,369,1903,FALSE,north hardin high school,2011
Annelise Beer,unBEERable21,2258,14058,369,515,FALSE,,2013
Evolution Of Horror,EvolutionPod,1077,742,369,71,FALSE,"London, England",2017
K-Vick,KEV_VICK,1057,464,366,333,FALSE,Frederick Hall Penthouse,2011
Kat,katlynnicole33,2404,1469,366,543,FALSE,,2012
Tionne,Djokerfan11,22488,33056,363,2430,FALSE,PA,2011
TJ Byrnes,mazdafarii,6281,2968,363,475,FALSE,Hearts' In Baltimore,2012
TJ,tj_hamilton87,3225,27415,359,2037,FALSE,Australia,2016
STARMAN,DarikOnali,790,11,357,1872,FALSE,Earth,2015
J,JJ770b,6594,6853,355,436,FALSE,Karakura Town,2015
‚ùÑÔ∏èXueting‚ùÑÔ∏è,bumblebeesbummy,6289,31583,352,2289,FALSE,Singapore,2009
r tegar,tegar_raden,3647,125,349,448,FALSE,,2010
The little things,ATLTTM,215,0,349,1063,FALSE,,2012
Not Your Basic Chick,notyourbasicgal,98,5,349,1295,FALSE,outerspace,2014
Counterparts Fanclub,counterpartsfc,313,1653,347,2755,FALSE,,2015
EL Aguila Antraxx,Rodolfo1013,5152,234,346,1284,FALSE,"AUSTIN TX ,In a soccer field!!",2011
David Babbott-Klein,dababbott,1601,1586,344,1723,FALSE,"Brooklyn, NY",2009
Persephone Pleasures,sexypersephone,146,4495,344,1732,FALSE,UK,2016
Danilugoce¬π¬≥,Danilugoce,13367,21913,341,2018,FALSE,"Sevilla, Espa√±a",2010
Sally üåà,sally299792,4317,4299,340,4944,FALSE,,2017
Yule Log Channel,empty_club,6301,17064,339,854,FALSE,,2009
Aditya,addiittya,1443,977,339,2178,FALSE,,2009
PrayForMommySarahüíúüåº,Gabs_little_gay,2214,4623,336,1055,FALSE,on the outside looking in.,2017
Christmas Song Zine,songs_christmas,710,0,336,1605,FALSE,London,2011
Devin MacGoy,devin_macgoy,1077,559,336,979,FALSE,,2013
Cody Stewart,CodyJStewart715,2031,476,335,1788,FALSE,D{M}V ,2012
amber cirrani ü¶ã,Amberrcirrani,2314,18953,335,701,FALSE,"Forest Hill, MD",2013
Lady,LadyfknLoxo,13895,5477,334,513,FALSE,ualrey,2016
London Tipton,LadyfknLo,12085,4952,331,535,FALSE,"kiss my ass, MD",2015
:P,ZacharyKoch,9909,3885,330,141,FALSE,Land of Fire,2012
Feck,Rhysy_Rhys,2114,977,330,851,FALSE,,2013
Mena Ayazi,menaayazi,6850,4313,326,260,FALSE,"Washington, DC",2011
Stephen Link,missingIink,1585,1252,325,332,FALSE,"College Park, MD",2012
Sarah Anne swayne,pickcatace,1166,1997,324,1947,TRUE,,2009
M.F.sky,_mfsky,633,5676,324,1879,FALSE,Having Brunch,2012
mal,malmcilwain,4101,4285,321,2227,FALSE,"stars hollow, ct",2009
dad,dylanhopkins,3237,1956,321,421,FALSE,,2011
Â∑•ÊàøÂãùÂ£´ÔºÜ„É©„É≥„Çπ,katsushi_lance,39,160,317,1830,FALSE,Êù±‰∫¨ÈÉΩ(Tokyo),2016
Ashlynn Valentine,ashieraerae,1552,1194,315,271,FALSE,"Morgantown, WV",2011
Mike Todd,mikeortodd,934,888,314,577,FALSE,,2012
extra carolyn,Shut_Up_Colleen,4379,11551,313,422,FALSE,,2015
Mills‚ò∫Ô∏è‚ù§Ô∏è‚úåÔ∏è,AmbiiMills,7163,2698,312,515,FALSE,,2012
EternalDarkness,EvolutionVamp,2261,6086,312,3702,FALSE,,2013
BUY A DAT BOI SHIRT,datboiapparel,5,194,310,4099,FALSE,Dat Boi,2014
Carlos,CVargassss,2157,2054,308,291,FALSE,chick-fil-a,2012
Boston Apts,AptsBoston,3191,0,308,1686,FALSE,"Boston, MA",2011
EvokeTcoke,T_coke12,1447,84,306,263,FALSE,,2012
Meredith Young,Muuurdeath_34,1823,2046,306,277,FALSE,,2012
Fareeha,RehmanFareeha,9982,17787,300,378,FALSE,"Washington, DC",2013
chase  dewitt brown,Cdewittbrown,8028,4974,299,1774,FALSE,"Utah, USA",2009
Heather Fernandez,HeatherMFern,130,445,299,328,FALSE,,2015
Julianna Tate Zoch,julzoch,787,3730,298,318,FALSE,"Knoxville, TN",2014
UMD Social Justice,UMD_SJC,107,6,298,232,FALSE,,2014
Danielle üå∏,DanielleKlunk,4330,4927,298,494,FALSE,,2017
ŒîLŒîIŒ†Œî,Lana_bananaa_,3651,791,296,275,FALSE,,2012
Jim Malakwen,jimmalakwen,251,2040,296,1585,FALSE,,2013
Shash,Shash_Sudhish,1248,777,295,231,FALSE,,2012
Harry Styles,Hairy_StiIes,37,1,295,787,FALSE,0/5,2012
Reilly Funk,reillyyf,404,1849,294,331,FALSE,,2013
Logan Mehalic,LoganMehalic,3984,3492,293,230,FALSE,"Blacksburg, VA",2011
Sharon Landis,CSResume,185,98,293,802,FALSE,Toronto,2012
adela,Lucy_Brooks98,1436,2345,293,643,FALSE,,2015
Mo Ray,mo2dmax,23805,17644,292,235,FALSE,"Youngstown, OH",2015
Jeff Newton,fig_newton_97,2164,1792,292,297,FALSE,"Havre de Grace, MD",2013
Andre,andfp81,794,620,292,959,FALSE,"Connecticut, USA",2015
#BLM,trollingpage,39,84,289,1794,FALSE,Support the cause,2015
Jordan,Jordan_Grant_,31689,7741,288,153,FALSE,"Havre de Grace, MD",2011
Tais Werlang,TAIneseProverbs,453,22,285,1626,FALSE,"emmitsburg, MD ",2009
@UmaBelieber_‚ôêÔ∏è,Jujubelloni_,1363,1042,284,2024,FALSE,"S√£o Paulo, Brasil",2011
Jacob deNoel,Jacob_deNobel,18296,59716,280,628,FALSE,,2013
JB,jayybarnes,3164,9180,277,342,FALSE,"Washington, DC",2008
A-Aron,Itz_AAR0n,1412,238,276,1435,FALSE,,2011
Jessie voyack,JessieVoyack,743,3269,276,172,FALSE,,2013
Debbie Noymer,debstep_95,1384,3649,274,312,FALSE,,2011
Jackson Tettelbach,ActionJ1234,8857,3634,274,248,FALSE,#VT2018,2011
Jim Kong Nu,Priyo117,4840,119090,270,951,FALSE,"Queens, NY",2015
Hunter Infeld,BluntMasterHunt,4470,1020,269,635,FALSE,,2012
Katie Thompson,katiedid__,763,284,266,197,FALSE,,2012
Panda Love,GimmehCookieh,12,71,266,995,FALSE,"Casa Grande, AZ",2015
emma stephenson,emmastephenson,540,8898,264,1638,FALSE,Dubilin't,2009
Jack,jtinch,7108,47461,264,1999,FALSE,Illinois,2011
Dan Gartner,dan_gartner,10714,3152,263,1655,FALSE,"Portland, Oregon",2010
Emily Vayo,emily_vayo,1035,3530,261,262,FALSE,,2012
awilda  Baugher,94Pashinkin,1720,3704,261,1860,FALSE,,2015
Die Another Day,DADMUSIC,794,2,260,388,FALSE,"Providence, RI",2010
Kristen Zdon,kristenzdon,1814,6260,260,354,FALSE,,2013
Belen,alltimeBEY,5991,4853,260,393,FALSE,221 B Baker St,2014
Tash,tashajagger_,890,3043,254,808,FALSE,Sheffield,2015
Jenna Lepping,jennalepp,2395,1362,253,218,FALSE,,2012
Emma Ginader,EmmaGinader,2811,4591,253,1512,FALSE,"Sunbury, PA",2016
jamison‚úåÔ∏è,jxmidkiff,3755,2697,252,570,FALSE,,2011
Sailor's Mouth,SailorsMouthMD,725,299,252,192,FALSE,"Harford County, Maryland",2013
Bucketlist,_TAMW_,115,4,251,973,FALSE,,2012
Hannah Bress,hannbress12,1850,1922,250,182,FALSE,,2012
Tara Saideman,tsaideman,1448,1968,249,231,FALSE,,2013
Andrew Sanghera,AndrewSanghera,43172,41710,247,1494,FALSE,"Stockton, CA",2010
Jeffrey Edalatpour,jsedalatpour,354,26,246,1483,FALSE,"San Francisco, CA",2015
BigMac,mackenzie_kim,7225,1553,245,267,FALSE,,2011
Christopher Roy K,cdeuce33,8612,17841,243,1908,FALSE,"Detroit, Michigan",2012
Dan Geiser,dgeiser13,613,36,242,1793,FALSE,"Columbus, Ohio, USA",2007
Liz,Liz_clemm58,383,738,242,237,FALSE,,2014
taytayponay,Trilla_Tay,4787,1449,240,498,FALSE,,2012
Sammie Ruggels,SammieRuggels,766,4,239,407,FALSE,Bel-Air,2011
kemando pelo ‚ö∞üî•‚òÅ,SturmUndSally,3271,10643,236,2072,FALSE,Pacific North Pacific West,2014
Brennig Hayden,BrennigH,49,1344,236,80,FALSE,"Cardiff, Wales",2017
Jessi Slaughter,JessiSlaughter1,615,0,235,339,FALSE,,2010
Elliot,breezy_zen,5282,33847,235,2072,FALSE,"Orlando, FL",2012
Christina Ramirez,Denise44252,2,0,234,973,FALSE,#LOCATIONE#,2010
Asef Rifat,AsefRifat,2510,30,234,1440,FALSE,Jakarta Indonesia,2012
Kasia Anderson,kasiaanderson,164,398,233,687,FALSE,"Los Angeles, California",2008
K. Jay,Katy_Jay,7717,12875,233,1359,FALSE,,2009
Luke Dyjak,lukey_charms110,912,1620,233,266,FALSE,Maryland,2012
Olivia Ford,oh_livi_aye,14525,9060,230,218,FALSE,"Frostburg, MD",2013
Drew,noridrew,407,483,230,333,FALSE,"Maryland, USA",2014
Eliza Brown,ElizaBrown2,137,0,228,1495,FALSE,San Fransisco,2011
Lola Newbold,xyryjebunajo,10,0,228,4805,FALSE,Saudi Arabia,2013
Cara Ventura,take_cara,1250,6864,228,345,FALSE,,2015
RashadT Goldsborough,RTGoldsborough,2074,6170,227,2330,FALSE,,2011
kyle barkley,tree_bark28,367,65,227,634,FALSE,,2012
Tim R.,TimR_PRIRV,1356,395,226,3568,FALSE,"Wisconsin, USA",2017
Drew Johnson,ironman9695,2218,5493,223,1810,FALSE,"Overland Park, Kansas",2009
Nookie2times,nookie2times,307,135,223,628,FALSE,"Aberdeen, MD",2017
AT4eva,coryevangelista,1112,358,222,561,FALSE,havre de grace,2011
Joseph Kony,Joseph_Kony_,387,273,220,1599,FALSE,Why Would I Tell You? :),2012
Carmen Garcia,Cargar96,941,1193,219,303,FALSE,USA,2011
Jocelyn ‚ú®,cr0wnedd,741,227,219,199,FALSE,,2016
Noah Davis,davisnoah20,4776,682,218,495,FALSE,,2011
'Merican Mitch,haddmit14,2252,1231,217,381,FALSE,The Free Land,2011
Andrew Peretin,APeretin,381,1449,217,215,FALSE,,2012
Midnite Rambler,kmich73,9449,11520,217,663,FALSE,NYC Irish living in Ohio,2013
Nicky Barnes,devonbacon93,2383,1937,216,594,FALSE,,2013
Kingdom of Peace,Kingdom0fPeace,1886,288,216,5001,FALSE,,2017
Crack Addicts,crack_addicts,24,0,215,1858,FALSE,the epidemic fuck boy niggas,2015
Ask Towson,AskTowson,33,43,214,632,FALSE,"Towson, MD",2013
stephanie gallion,Gallion1133,789,377,214,291,FALSE,,2014
Chad May,ChadToThe_Bone,1923,6,213,279,FALSE,,2012
Ami Kutzen,amikutzen,4523,13679,210,726,FALSE,,2013
Greg Daffron,Daffpiece,274,74,209,784,FALSE,Maryland,2012
jo pertkiewicz,jo_pertkiewicz,5606,5510,208,720,FALSE,,2011
The Jedi Bowl,achampiontoday,2707,1425,208,663,FALSE,"San Francisco, CA",2017
MMA ScoreCard,MMAScoreCard,51,3,207,1624,TRUE,,2009
Zach Hammons,zachhammons,1401,667,207,149,FALSE,,2011
LicaSelina,LicaSelina,272,0,207,1107,FALSE,,2011
Dillonüíé,FrxsteBoi,977,2729,207,831,FALSE,"Mechanicsville, VA",2014
~{#56^Warriors}~,_56WiththeSack,309,19,205,636,FALSE,http://www.hudl.com/athlete/o/,2012
Kerry Vital,KerryVital,2495,1030,203,1071,FALSE,Vancouver,2011
Stephanie,stephaniegal22,3943,451,203,359,FALSE,,2011
King_BoBurrito,KingBob357,1079,1250,203,258,FALSE,Hogwarts  ,2013
Katie Stump,katietreestump,2643,1301,202,1109,FALSE,,2010
Kaileen Rouin,kaileenonmee,1075,1234,200,201,FALSE,,2012
levi üí•,levi_mccree13,1572,225,200,178,FALSE,"Hoover, AL",2014
Jr's way,Facey187,70,3,199,1135,FALSE,Southside jamaica Queens,2009
FlintDaMonster,FlintMarco,363,0,199,249,FALSE,"Edgewood, Maryland",2009
Yoni Brande,Yoni_Brande,1630,26656,199,618,FALSE,Birmingham // UMD,2011
Emma Imbierowicz,EImbierowicz,270,428,199,118,FALSE,,2013
jul√≠e candelar√¨a,jaycandles,2726,472,198,198,FALSE,,2012
Tim Yantz,onenonlytimmeh,684,439,198,773,FALSE,,2013
Brandi Wagenhoffer,Brandi_sWag,2472,1452,197,214,FALSE,,2012
Brad Davidson,BreakingBr4d,3460,1469,197,154,FALSE,Havre de Grace and St Mary's,2013
Leana Stewart,MsMom21078,3136,1242,196,210,FALSE,"Havre de Grace, Maryland",2011
Towson Class of 2018,TowsonU_2018,85,27,196,329,FALSE,Class of 2018,2013
YBN$limJim‚Ñ¢,_Slim_T,3412,521,195,406,FALSE,,2013
Danielle,dklunk05,183,152,195,424,FALSE,United States,2016
acc in bio,starsnxrry,38,36,194,1706,FALSE,,2014
Steve Sanford,SteveTheSanford,4140,59606,194,1266,FALSE,National City,2014
David Outland,Doubled145,6,2,193,1482,TRUE,,2010
Jame,jaammerz,5311,1618,193,521,FALSE,,2011
Matthew Cordova,The_Best_Tip,1783,877,193,547,FALSE,,2012
Tech Primetime,VTPrimetime,54,8,193,880,FALSE,"Blacksburg, VA",2014
mjdubs,mariongurrrl,5005,9047,191,429,FALSE,"Oakland, CA",2011
Ben Sullivan,bsullivan169,227,444,191,231,FALSE,,2013
farhan bachu,BachuFarhan,278,82,189,215,FALSE,,2014
Ira Mirna,iraql,953,0,188,382,FALSE,Nebraska,2010
DonaWTF,ThatHondaKid93,2552,316,188,402,FALSE,B[4]LT[1]M[0]RE,2011
Esteffanny Coll,Camgirlvzla,746,11,188,1179,FALSE,,2012
Becky Burgess,beckyb1016,6829,12716,187,244,FALSE,"HarCo, MD ",2013
Bubby Johnson,Ed_Edd_and_Legs,1371,287,186,232,FALSE,,2012
Buck Miller,buck_miller4,813,567,185,354,FALSE,,2011
Muhamad Khatib,moe_khatib96,4821,940,184,245,FALSE,,2011
Teresa Poirier,teresa_poirier,988,6489,184,228,FALSE,"Blacksburg, VA",2015
Leah Scheitel,Leah_Schei,1002,3549,181,947,FALSE,"Calgary, Alberta",2012
Lindsay Schneider,lschneider0410,2710,4310,180,1488,FALSE,"New York, NY",2011
Andrew Hernandez,Hi_imAndrew,5216,57,180,1193,FALSE,LA,2011
john brown respecter,rortyourshitout,649,303,179,2961,FALSE,Still Wilin On THat MF Arbella,2013
Feed the Street,Feedthestreetdc,14,8,179,1452,FALSE,,2014
lexie üå®üíú,kissedleo,1259,804,178,194,FALSE,Kermits asmr gc,2017
Riley Sobieski,RSobieski,2319,1085,178,171,FALSE,,2011
prins rosa,prinsrosa1,204,1986,178,1248,FALSE,,2017
Towson_Snaps/Crushes,TuSnaps,27,4,177,774,FALSE,,2014
Carly Goodman,CarlyGood_,518,1095,176,181,FALSE,UMD'18,2014
Ria Carrogan,riacarrogan,4415,10,174,665,FALSE,,2010
Jakey Dubs,RealLifeJakeW,9864,413,174,426,FALSE,Paraguay,2013
Shawn Ramey,ShawnRamey,383,4,173,231,FALSE,"York, PA",2009
dfb,sanmaximoff,3466,2805,173,121,FALSE,reylo trash,2014
Merry Dozer ü¶åüå≤üç≠,Billdozer84,2449,47515,172,1213,FALSE,High Five City,2010
Kaitlyn Jackson,kait_jack,6584,227,171,336,FALSE,,2013
Yeah,BreeDaKiller,75,105,171,966,FALSE,,2013
Funny Dads Daily,FunnyDadsDaily,36,0,170,530,FALSE,,2010
Paul LaNave,LaNavePaul,431,1966,170,597,FALSE,Minnesota,2013
Derek Carney,djc1616,1146,925,168,693,FALSE,,2009
Nate Saenz,BigNoseNate,837,747,168,266,FALSE,,2011
Angie Silva üå∏ üåå üíô,sillyanshe,3134,20299,167,1422,FALSE,"Buenos Aires, Argentina",2009
B. Rob,SonAmbassador,1171,5622,167,455,FALSE,The Town,2012
Insolvent Abuse,InsolventAbuse,912,906,167,1046,FALSE,,2012
Cat Engstrom,YesCatEngstrom,998,55291,167,689,FALSE,"Ann Arbor, MI",2015
Ryan Sanderson,steamboatbilljr,7492,1189,166,1250,FALSE,,2010
Memes 4 Grandma NOW,Memes4Grandma,40,84,166,4323,FALSE,"Compton, CA",2016
Jillian,jilliefm,2631,1605,165,623,FALSE,UK,2009
CJüè≥Ô∏è‚Äçüåà,konztbl,4818,12719,165,1231,FALSE,Pittsbugh,2010
Carrie Wolf,carriehaley114,1449,1645,165,835,FALSE,,2010
Jessi Orion,knowhyou,579,366,164,947,FALSE,"Florida, USA",2012
Kelsie üåô,KelsieMcCrae,1046,919,163,242,FALSE,"Potomac Falls, VA",2012
Gabe Larrimore,GabeLarrimore,1975,455,161,255,FALSE,,2011
‚ô´ C a r i n a ‚ô™,ohsnapcarina,698,355,161,895,FALSE,,2013
Camille,CamilleGierck,877,1017,160,1125,FALSE,Wurundjeri land,2014
Alfian Godel Maulana,delgodell,253,7,160,413,FALSE,bekasi,2012
Crush,Crush_Official,8,3,160,635,FALSE,,2012
lindsey mccumber,lindseymcxo,210,453,159,259,FALSE,,2014
Taylor Hendricks,T_ricks10,5100,728,158,366,FALSE,,2011
Towson Fit,towsonfit,8,57,157,1245,FALSE,,2015
Himanshu Mendhe,himanshu314,521,1328,156,332,FALSE,,2012
Dyce,Bear23Jordan,44,19,156,216,FALSE,,2014
Molly M Mahler,MollyMMahler,781,5686,156,1123,FALSE,"Cincinnati, OH",2016
Sydni Taylor,Sydnibabee_xoxo,644,108,155,937,FALSE,,2012
Sophie,sophie_daghir,596,812,153,135,FALSE,,2014
Michelle Balaban,Balaban,2940,3024,152,300,FALSE,"Toronto, Canada",2008
meghan,Bieber4lifee464,571,13,152,550,FALSE,,2010
Shawn Sajus,sajewastelands,1978,1181,151,1568,FALSE,Canada,2010
Stephen Fertelmes,SFertelmes,5177,5695,151,862,FALSE,NYC/CT,2012
Andrew Reininger,a_rein14,601,2266,150,390,FALSE,,2010
Hunter,Hkai713,5227,6043,149,188,FALSE,,2014
Sophia Warren,Ryoudown266,175,3552,147,2308,FALSE,Auckland,2012
Trey R. Norwood,thewoodsofnor,5348,4081,147,755,FALSE,,2016
Cases by Hannah,casesbyhannah,101,655,145,1239,FALSE,"Washington, DC",2017
Louise Easson,louise_easson,131,108,145,439,FALSE,"Melbourne, Victoria",2009
BlueBell_Babe :3,macaylalovely,738,7,144,507,FALSE,"northeast, MD",2011
Mini the Blunt,mini_glik,12146,12030,142,234,FALSE,,2011
markovnickov,markovnickov,1075,26,141,898,FALSE,,2013
Matt Celsa,MattCelsa,280,471,141,121,FALSE,,2013
SammiMiami,SPodgurny,366,192,141,1145,FALSE,,2013
.,Cliff_red_dog,333,18,141,225,FALSE,,2014
Tom Lam,TommLam,3460,10921,140,655,FALSE,"Melbourne, Victoria",2013
m0n,javiermon,3502,1598,139,1671,FALSE,"Mountain View, CA",2009
JC Compliments,Compliments_JC,330,19,138,176,FALSE,,2014
Rosalie Lewis,rosalielewis,4290,6920,137,97,FALSE,"Palatine, IL",2009
peyton,peypeyponay,1155,63,136,235,FALSE,,2011
Hooper,bighoops23,247,449,134,115,FALSE,,2012
Swimmer Bods,swimmerbods,59,10,134,741,FALSE,swimmerbods16@gmail.com,2013
Minta Daniely,MarvinSayapho1,2361,0,133,591,FALSE,,2012
Andrio Perez,andri_pz,1468,3640,133,1037,FALSE,"Angervilliers, France",2016
Emily Holz,emily_holz,95,469,131,111,FALSE,,2013
Arturs Brown,ArtursBrown,106,2937,131,513,FALSE,,2017
Vincent Tarantino,TKD_Tarantino,376,297,130,606,FALSE,"Winthrop, MA",2015
Aidan O'Meara,lilmeezy01,1836,2885,130,805,FALSE,"Burke, VA, USA",2014
Mildred Robertson,hirokimp,1772,3374,129,1944,FALSE,JPN,2010
Franco,yankeefan2929,2331,2721,129,282,FALSE,,2012
It never fails,STTNF,161,1,128,385,FALSE,,2012
Joy,joybluebird1997,1443,8084,127,170,FALSE,"Blacksburg, VA",2013
Amanda Price,apriceless8,149,1891,127,249,FALSE,,2013
VT HOTTIES,vthotties2018,8,21,127,464,FALSE,,2014
Mac Guffin,Bex106,2576,2372,126,1625,FALSE,nyc,2009
‚Ä† LORR_BROSKII ‚Ä†,Devin_Scrappy,2617,291,126,337,FALSE,,2013
1-Oct,NinaaaTocci,2328,416,126,162,FALSE,,2013
Adam Beigel,AdamBeigel,73,187,126,554,FALSE,,2015
Samanthon Wilson,SildSiskurire,370,0,125,231,FALSE,Missoula,2010
Tim,Bodmarkz,3220,3532,125,793,FALSE,,2013
Mr. petvalu,e21Ryan,167,3193,125,350,FALSE,Havre de Grace,2014
Mikah Wright,mikahwright,664,10408,124,117,FALSE,"Pasadena, CA",2011
Neonchristmaswolf,quisma88,1610,6667,123,901,FALSE,finland,2009
claudia toepfer,citoepfer,1762,705,123,927,FALSE,,2009
um carinha ai...,goethefilho,1237,672,123,639,FALSE,Teresina-Pi,2010
Richard Gould,richardmgould,522,367,123,776,FALSE,"Boston, MA",2012
Declan Meyers,DeclanMeyers,515,6360,123,477,FALSE,,2014
Musa,musammohamed,18,9220,123,3496,FALSE,"London, England",2015
Bridget F,bhferguson,2278,1258,123,139,FALSE,,2016
Hoof And Sword,HoofAndSword,256,353,123,368,FALSE,"Ponyville, Equestria",2017
Eric,MegaWeapon8,256,22,122,1447,FALSE,,2009
Carter York,yorKoolmedia,3327,1745,122,150,FALSE,Mexican Border,2009
Caroline Crawford J.,ccj917,451,2511,122,195,FALSE,NYC,2011
Danielle,noodle_94,1321,1058,121,509,FALSE,,2009
Heaven Help Us,dlkodrack,1149,15308,120,1245,FALSE,Ann Arbor MI,2009
King Siddy,sidtheactor,2879,1936,120,850,FALSE,,2009
Derrick McCray,1MindsManacles,66,58,119,225,FALSE,SF Bay Area,2008
5SOS Tour Updates,Maryland5SOS,140,20,119,122,FALSE,"Silver Springs, Maryland ‚Ä¢ 0 !",2014
fiona van der steur,STEURitup_Alil,959,6,118,129,FALSE,,2011
‚òÅDani V‚òÅ,danvicroyer77,2283,1746,118,125,FALSE,,2013
Kate,plathitudes,227,132,117,473,FALSE,"Dallas, TX",2011
brooke bocast,brookebocast,1,1,117,989,FALSE,,2013
GAME-CHICK,FantasySignUp,32,1,117,1888,FALSE,,2014
Jessica Nardo,thejessicanardo,1388,7510,116,711,FALSE,,2011
Pierre,ped70,179,3849,114,1534,FALSE,New York,2008
Sean mackenzie,Seanmac1944,1151,1080,114,144,FALSE,Ross Shire,2009
Mike Humecky,Akfrontiergear,0,0,114,1013,TRUE,,2010
Film Dad,FilmDad1,1253,2415,114,714,FALSE,"Burlington, WI",2011
gphi sunshine ‚ú®,GPhiSunshineVT,26,125,114,159,FALSE,"blacksburg, virginia",2014
Myles Hill ü§ôüèº,realmyleshill,1057,2277,113,821,FALSE,"Myrtle Beach, SC",2012
Towson Whispers,TUWhispers,274,1792,113,1246,FALSE,,2016
Pizza Kingdom,PizzaKingdomCP,179,642,113,1464,FALSE,"College Park, MD",2017
Haai'Zun-burg,samkaraj,0,21174,112,2412,FALSE,,2010
Taylor Alice,modie009,533,31,112,436,FALSE,,2013
Alvin,Alvin4539,60,0,111,846,TRUE,,2010
my_names_alyssa,littled0p3,451,0,111,178,FALSE,,2011
PFHScampaign4hope,PFcampaign4hope,6,1,111,1424,FALSE,,2012
noob noob,sweet_lew68,1490,600,111,137,FALSE,,2016
anrea,fourlokofriday,386,453,111,152,FALSE,,2017
Chester,ChesterDontCare,17,0,110,1038,FALSE,"your grandparent‚Äôs, having sex",2017
Maureen,insurefuto,0,0,110,825,FALSE,PA,2010
kristins c/o 2014,kris19961,262,5,110,612,FALSE,Havre de grace MD,2011
Slayer of Oryx,Tim_Boris,973,261,110,194,FALSE,Orbiting Phobos,2012
Alex,thequp,1203,94101,110,984,FALSE,,2013
COMMONSENSEUSA 22,commonsenseusa8,11966,31282,109,76,TRUE,,2017
Danielle Jankovich,runner4life2417,563,238,108,430,FALSE,,2013
üéÑYour1405üéÑ,Your1405Gaming,1264,14370,108,231,FALSE,,2015
Mikayla Cowan,mmmkayay,1561,2,107,302,FALSE,not here,2011
Heather For Queen,heatherforqueen,40,5,107,292,FALSE,,2015
Christian Glassman,CGlassman,40,6,106,147,FALSE,HdeG,2011
Leana Stewart,SFHandMore,911,350,106,148,FALSE,"Havre de Grace, Maryland",2012
Elizabeth,EG_Strickland,719,310,106,142,FALSE,,2014
noahs_ark,noaholloway,639,75,105,647,FALSE,,2012
Riverside Slopfest,Slopfest,222,83,104,620,FALSE,"Sterling, VA",2012
Samuel Munoz,samunoz19,7382,878,104,786,FALSE,,2012
PFHSuplifts,PFHSuplifts,29,16,104,425,FALSE,,2013
travis keading.,wtff_travis,222,0,103,638,FALSE,,2009
Louis P Zieja,idriveacampfire,583,25334,102,540,FALSE,,2010
James Collins,JamesCollinss21,412,42,102,148,FALSE,"Sterling, VA",2011
miss anthrope,Angry_Rotten,5195,21468,102,112,FALSE,United States,2016
Emma Macphail,emmamacphail,144,7,101,580,FALSE,,2009
Women Suck,WomenSuckk,393,18,101,435,FALSE,,2012
Rebecca Tormollan,becca_tormollan,55,6,100,204,FALSE,,2012
The_Boucanier,bikforfun,623,5,99,355,FALSE,"Indianapolis, Indiana",2010
Action Ben,action_ben,1179,1500,98,787,FALSE,Guildford,2007
Dirty boy,APussyLicker,701,2,98,629,FALSE,uk,2012
Joanna Corlett,joannaleebc,2050,26295,98,1751,FALSE,Minnesota,2012
Rachel Baldwin,rachelbaldwin02,1088,512,98,99,FALSE,,2014
Neblastyan,Neblastyan,1949,15741,96,1673,FALSE,,2013
Nicole,nicoool_s,66,289,96,151,FALSE,,2015
Blue Heaven,BlueheavenMD,35,102,96,52,FALSE,,2015
Emo Tom,TomFerg35,3013,5016,95,272,FALSE,"Bel Air, MD",2013
michael rodriguez,mmarianterodrig,138,104,94,640,FALSE,"Austin, TX",2010
ShamiK Murtazatev,Shamik_27,148,706,94,1549,FALSE,"Uzbekistan, Bukhara city",2015
Henry Lu,henry_c_lu,159,72,93,492,FALSE,"Oakland, CA",2009
Fashion Porn,FashionIsland_,6,0,93,475,FALSE,NYC,2014
Jeff,Fig_Newton_96,15,0,92,220,FALSE,,2015
‚ôäKristin_2014üòç,,79,3,91,1331,FALSE,"Aberdeen, MD",2017
Eric McDade,McDade_,3359,264,91,190,FALSE,Virginia,2011
Richard Sullivan,richsulls,430,3573,91,661,FALSE,Brooklyn,2012
Jordan Evans,Jordan_Evans15,176,39,91,146,FALSE,,2012
‚ôäKristin_2014üòç,Kristinelaine20,79,3,91,1331,FALSE,"Aberdeen, MD",2017
Brian VanDenBergh,BRVandenbergh,1255,7588,89,664,FALSE,Rochester. New York,2010
Kayla Caine,kaylababyy2013,91,6,89,159,FALSE,"Havre de Grace, MD",2011
lino,ljiqfb,73,2380,89,1526,FALSE,,2012
PFHS Class of 2014,PFHS_2014,126,63,89,140,FALSE,,2013
Kedilerin ablasiüêàüêæ,nagihanykaya,3143,2583,89,606,FALSE,,2016
Edie,neonmikado,4754,16277,89,982,FALSE,"Austin, TX",2017
Imani,WeAreGolden1997,3284,60,88,470,FALSE,"Yonkers, NY ",2009
Gulzar Ahmad Ghauri,AhmadGhauri,55,1,88,4388,FALSE,"Birmingham, United Kingdom",2011
PFHS Photo Club,pfhsphotoclub,22,5,88,651,FALSE,Potomac Falls,2013
vivek vs,vivekveluvali,118,32,86,430,FALSE,india,2010
James keyworth,Jameskeyworth,244,180,85,103,FALSE,"Royal Oak, Auckland",2009
Michael Friel,micfriel,4280,208,85,577,FALSE,,2009
Laura Valenti,famousalmost,813,2137,85,709,FALSE,New York,2009
Mariah,mfields006,2917,299,85,171,FALSE,,2012
Majin Shaz,lobbyboyzero,1635,2,85,965,FALSE,"Scotland, United Kingdom",2015
Mashal,mashalazhar,849,1268,84,139,FALSE,,2009
Brian Hall,hallbcw,2966,528,84,159,FALSE,,2011
Kaitlin Dirocco,Kait_Daddy,164,63,84,134,FALSE,,2011
PFHS YEARBOOK,yearbook_pfhs,16,8,84,268,FALSE,,2013
Eamon Mulligan,EamonMulligan,411,170,83,284,FALSE,street,2012
Hamish Dwyer,HamishDwyer,2583,11564,83,725,FALSE,,2017
Ari Papermaster,aripapermaster,2490,2298,82,528,FALSE,"Milwaukee, WI",2012
Natalie Anderson,natnat096,461,96,81,836,FALSE,"Bel Air, MD",2010
cedarius,twittflow_24,1092,2,81,122,FALSE,Works in the NBA SG/SF #24,2012
Jenelle Berry,SimplySloaneLLC,42,20,80,238,FALSE,,2009
Rebecca Jackson,RCJacksonn,500,530,80,620,FALSE,"London, England",2011
Olivia,itsliviii,40,3,79,87,FALSE,"Havre de Grace, Maryland",2011
X  Lagoya,onyellowpaper,3695,922,79,1025,FALSE,,2012
Susana Elmers,AlanCmn1234,8,0,79,4689,FALSE,,2014
Matt Trask,TheMattTrask,38,66,79,519,FALSE,"Cardiff, Wales",2017
carl0s808,carl0s808,1006,10347,78,726,FALSE,"Valley Village, California",2008
Josh Dyson,JoshDysonDP,859,337,78,274,FALSE,"Los Angeles, CA",2012
Samuel Richardson,DatSamwichMan,711,165,77,250,FALSE,,2013
Matt Armstrong,sihtdaertnod,1260,1375,76,264,FALSE,San Francisco,2010
chris Truitt,SeXy_StuFf_,101,3,76,152,FALSE,,2011
Kaitlin Ilgenfritz,ifritz53,3,0,76,802,TRUE,,2012
Ian George,IanGeorge17,195,112,76,136,FALSE,"Pennsylvania, USA",2012
TrudeMacKelvey,TrudeMacKelvey,696,0,76,454,FALSE,"New Buffalo,Michigan",2014
Christopher Steel,steel666,760,280,75,556,FALSE,"Baltimore, MD",2008
John Hart,JohnHart79,51,148,75,574,FALSE,United States,2010
Jacob Foster,JakeFoster62,469,701,75,438,FALSE,Trap House USA,2014
Edward Lyons,eflyons3,243,25,74,429,FALSE,"√úT: 42.5028,-71.076621",2009
Brandy Coard,Telephone_Coard,465,49,74,269,FALSE,Havre de Grace,2012
Jenna Newton,tippiecatty07,1020,467,74,117,FALSE,,2012
UMD Dining Hacks,UMDDiningHacks,5,0,73,520,FALSE,"College Park, MD",2014
Chloe Day,Chloe_Day1,338,7,72,188,FALSE,,2009
dirty hdg crush,dirty_hdg,50,2,72,189,FALSE,,2013
Pablo Martinez,martinezpablo3r,6,0,72,3520,TRUE,,2015
WANGYINGTING,plmkoo,1186,0,71,366,FALSE,US,2011
Nick Flayhart,nflayhart_24,66,0,71,122,FALSE,Forest Hill MD,2011
Joseph Renaldo,JoeyRenaldo,320,210,71,309,FALSE,"Ankeny, IA",2016
Miche√°l O Lion√°ird,MichealMTP,222,165,70,786,FALSE,,2011
Emily Meyerl,ltsan_EMergency,2,0,70,264,FALSE,,2011
Steven Duty,DoctorDuty64,89,5,70,180,FALSE,Havre de Grace,2011
Eric ,ericbetterson,82,2,70,184,FALSE,havre de grace,2012
SeenHerbivore?,EllenWStP,149,4076,70,478,FALSE,"St Paul, MN",2016
Orangina Tokyo 2020,OranginaTKY2020,464,30,70,1741,FALSE,,2016
Claire Peden,CLG_11_,877,707,69,878,FALSE,"Glasgow, Scotland",2011
Jonathan Perry,JPerrz,113,150,68,86,FALSE,,2011
Mariah,mfields06,1039,76,68,190,FALSE,,2013
Casey Reil,letsgetreil,362,325,68,178,FALSE,,2013
Terrapin Freshmen   ,UMDFreshmen,34,3,68,593,FALSE,"College Park, MD",2013
Ceci Bean,cecibeanblog,424,64,68,161,FALSE,"Oakland, CA",2013
Roger Berwanger,RogerBerwanger,30,0,67,640,FALSE,Senior Helpers Annapolis MD,2010
Jason Michael Cox,JayBird_531,1755,3667,67,450,FALSE,,2012
Blood is Blood,B_I_B_movement,11,22,67,428,FALSE,,2014
Sarah Collins,sarahcollinss_,2785,532,66,332,FALSE,The Shire ,2009
Towson Zero Mph,0_mph,36,7,66,373,FALSE,,2014
Karl williams,KarelessKarl,58,168,66,1639,TRUE,,2015
Wajid Khan Khalil,KhaanKhalil,1733,3118,66,498,FALSE,North of the wall....,2016
Ash üê≤,lorashcakes,923,255,66,87,FALSE,"Lancaster, PA",2017
nummy,nummy,129,31,65,454,FALSE,bay area,2007
Tash Blumsom-Leask,tashblum,263,919,65,402,FALSE,,2010
John Linhard,GetGnarly_Bruh,385,5,65,456,FALSE,"Edgewood, MD",2011
An Le,anmle12,37,7,65,120,FALSE,,2013
HoursTV,hourstv24,423,113,65,416,FALSE,"London, England",2017
Kay,kayisglad,1814,4376,64,1002,FALSE,San Francisco,2011
Amazing Facts,Amazingfact2012,33,0,64,196,FALSE,Manhatten,2012
Angie Smith,angiesmith101,324,8,63,70,FALSE,,2011
Cole Bauer,CapTaiN_LiVe_,113,14,63,99,FALSE,,2011
Lucy,youlovelucy95,172,272,63,71,FALSE,,2012
maura,mauradeely,2494,1976,63,149,FALSE,,2012
‚ìë‚ìõ‚ò•‚ìí‚ìó,kaylababbi97,238,78,63,237,FALSE,,2012
Jon Repetsky,JRepetsky,606,57,63,179,FALSE,new castle,2012
Lilly Chang,tschitchat,1568,149,63,335,FALSE,Australia,2015
Steve Dunk,SteveDunk5,3351,2792,63,318,FALSE,Canada,2016
Kourtney,Kourt7410,1038,1937,62,386,FALSE,,2009
FishingRules,FishingRules,10,0,62,341,FALSE,,2010
OG-B BLUNTED ,bishop420w,268,17,62,135,FALSE,,2012
Jamie Cox,jaycox1989,8,5,62,622,FALSE,"Walsall, England",2015
King Con,KingCon2015,17,0,62,630,FALSE,"Blacksburg, VA",2015
Ryan Clapman,CLAPfortheKING,13,1,62,644,FALSE,,2015
Cover to Credits,Cover2Credits,304,297,62,179,FALSE,,2017
John Legend,ThomasD74784300,23,234,62,61,FALSE,#DarknessAndLightTour,2017
Alex the Elf,ak_pagano,797,2785,62,349,FALSE,,2017
mitchell haddaway,MitchHaddaway,23,0,61,143,FALSE,,2010
Jenn Tate,photojennic_HDG,102,0,61,21,FALSE,,2011
owen powell,owenlewispowell,17,0,61,87,FALSE,,2012
Garrett Phillips,DMofV,1976,3275,61,124,FALSE,,2014
Manny V,playdaysdiecast,2367,59,61,995,FALSE,12310 penn st whittier ca,2015
RT this If...,RTthisWith,70,18,60,314,FALSE,The World,2012
Sashnly,ShaShaPeach,920,2598,60,505,FALSE,,2017
bluecrucial,bluecrucial,267,5,59,138,FALSE,,2008
the real Amanda,Amanda46220,3036,2295,59,350,FALSE,,2011
James Madroxx,MadroxxJames,573,101,59,1942,FALSE,"Charlotte, NC",2015
SDP4,sdpfour,171,293,59,60,FALSE,"Maryland, USA",2017
jaky.vi,pearlydewdrops_,2223,5440,58,329,FALSE,California,2015
ApePrime Productions,ApePrime_,60,32,58,337,FALSE,,2017
The Manimals,ManimalsBand,5,12,58,524,FALSE,"Brooklyn, NY",2017
Hannah Lenahan,hlenahan,32,267,56,1262,FALSE,Vancouver,2011
Havre de Grace,HdG_Probz,13,1,56,122,TRUE,,2012
Lindinho Mugabe,lindinho_mugabe,66,72,56,683,FALSE,Republic of Mozambique,2012
AmazonSeller,AmazonSeller4,5,0,55,86,FALSE,,2014
Hakeem,Hakeem89928896,0,7,55,2030,TRUE,,2017
ÎÇ¥ÎïÖÏΩ©,kbAX7KB53nHZhqB,5,1,55,402,FALSE,Republic of Korea,2017
Benjamin DeLioncourt,BenjaminDeLyons,144,50,54,456,FALSE,"University Heights, San Diego",2009
Derrick Schott,ravenkiller,42,46,54,242,FALSE,"Baltimore, MD",2009
1233,devongea,137,0,54,407,FALSE,,2011
lel,elelelelelswag,17,2,54,59,FALSE,"Washington Court House, OH",2016
HelpMyChildThrive,CurrivanTeresa,105,209,54,53,FALSE,"Oakland, CA",2017
"You Can, Too.",YouCanTooAZ,29,39,54,493,FALSE,"Tucson, AZ",2017
DanielleFricke,Dani_Fricke,165,15,53,175,FALSE,home...gotta love it,2011
paula alcayde ,paulaxxxbabe09,137,0,53,331,FALSE,,2012
Isaac,eyes5ib,220,16217,53,302,FALSE,,2012
John Steward,jsteward87,11,0,52,125,FALSE,Home,2010
Lorr' Carter,royce_2_2,50,1,52,146,FALSE,,2012
Sidney Lichtenstein,SidLichtenstein,1847,29225,52,351,FALSE,,2012
Megan Kennon,gman5009,2,366,52,3781,FALSE,,2013
Mohammed  Tafazzul,HussainTopu6235,1,0,52,1057,FALSE,,2017
OpenGrooves,opengrooves,80,0,51,187,FALSE,"Baltimore, MD",2011
Ann Vardeman,annhilf,55,8,51,103,FALSE,"Highland Park, NJ",2011
Nice Truth,Nicetruth1,158,39,51,192,FALSE,,2013
Becky ,becky_fashion,8,22,51,488,FALSE,,2014
Maleya Danielle,maleyadanielle,54,44,51,238,FALSE,"Winston-Salem, NC",2016
Michelle Faron,Belieber1_4evr,19,57,50,180,FALSE,,2013
Ralph Glander,RalphGlander,34,8,50,218,FALSE,"Berlin, Germany",2013
Julian,JulianGylMurray,94,215,50,183,FALSE,London,2014
Matt Brewer,mdbrewer8,712,117,49,401,FALSE,chicago,2011
Kendall Bryant,Bamaboy2396,213,1,49,116,FALSE,"Honolulu,Hawaii",2011
Emily Lorene Tillman,AfterTheRise,105,12,49,98,FALSE,,2012
Katherine,dumbheadftw,102,5,49,656,FALSE,,2012
Linda Molloy,lindamolloy_,70,1567,49,672,FALSE,california,2013
Watch.Read.Listen,WRLPodcast,313,742,49,123,FALSE,United States,2015
Chuck Copeland,ChuckC07,322,1139,49,325,FALSE,,2016
Kaitlin Evans,odysseyk8,235,58,48,294,FALSE,,2009
Taylor Rogers,TaTaTaylor5,357,79,48,249,FALSE,,2011
Elizabeth Smith,eLIZZARDbeth_,170,385,48,127,FALSE,,2012
2013 Warrior Tribe,13owDown2013,104,24,48,83,FALSE,Maryland,2013
Mid-Atlantic CUWiP,MidAtlCUWiP14,202,7,48,49,FALSE,University of Maryland & NIST,2013
Girls Dream Closet.,GirlsDream16,44,18,48,524,FALSE,Somewhere in the US,2013
Seymour,SyBlakey,198,3847,48,941,FALSE,,2017
Sean Hough,seanhough815,1433,5308,47,289,FALSE,"Studio City, Los Angeles",2012
Professional dolphin,prodolphin,22,3,47,191,FALSE,Atlantis,2012
Brennan Anderson,brennan_a91,47,111,47,102,FALSE,"Lexington, KY",2017
mpk,mpk730,4736,4508,46,566,FALSE,,2009
drunknwhiteboi,freshkhidd69,238,3,46,226,FALSE,,2012
We all know a...,We_all_know_a_8,57,0,46,247,FALSE,,2012
Brittany Scampton,britt_scamp,3,478,46,71,FALSE,,2013
PinkStarr,handsome2676,953,3500,46,534,FALSE,"Taipei City, Taiwan",2014
Obet Antonio : artis,7741f2b102e8483,3,0,46,646,FALSE,,2015
Lima - Cr√≠ticos de Cine,LimaCriticos,56,32,46,355,FALSE,"Lima, Peru",2017
SpaceTonsure,SpaceTonsure,0,28,45,1705,FALSE,East America,2010
The BPP‚Ñ¢ Yexperience,TheOfficialBPP,715,128,45,185,FALSE,Harco,2013
Frankie.,saucerersupreme,222,599,45,375,FALSE,,2014
Taco,tacosonstuff,19,90,45,482,FALSE,,2015
Christopher Regan,ChrisReganEsq,70,6,44,107,FALSE,"New York, NY",2009
Kelsey Quist,kelsey_quist,146,1088,44,183,FALSE,,2013
Jason Mayer,j_mayer4,465,21,44,249,FALSE,,2013
Juan Marin,_JuanMarin_,11,1,44,77,FALSE,,2013
Keith Pizzi,keithpizzi,0,1695,44,770,TRUE,,2014
Brandy ,brandylionnnnx,397,838,44,131,FALSE,,2014
Jon Doe,TheNameIsJonDoe,1,0,43,199,TRUE,,2017
Richard Olley,ElPatoDiablo,311,180,43,719,FALSE,(North) East Coast,2010
RitaMDorsch,DorschRitaM,122,561,43,340,FALSE,Pennsylvania,2010
Emily Jefferson,EJeff12,111,1,43,90,FALSE,,2012
Jill Laakso,JjlJill,21,7,43,115,FALSE,,2012
Hope Ford,MrsMehfy,214,124,43,101,FALSE,"Perry Hall, MD",2013
shelly,shelllsbellllss,413,797,43,41,FALSE,maryland,2015
jelloshot bitch,sterlingdada,164,15,42,255,FALSE,,2012
Joey Lee,MovieEquations,47,6,42,52,FALSE,"Washington, DC",2012
Leah DuBois,leahd67isawsome,187,36,42,132,FALSE,,2013
Nick üè≥Ô∏è‚Äçüåà,nicholasjano,917,1615,42,276,FALSE,,2013
matt petrides,mp_p_,528,4020,42,399,FALSE,,2015
Anna Lynch,aklynch4,100,4288,42,638,FALSE,"Florida, USA",2015
Rafael Felix,rafaelxilef,55,780,41,789,FALSE,"Seattle, WA",2011
Aaron Swanson,Aaron_Nemo_,18,5,41,379,FALSE,,2015
Ceres Moon üå∫,Ceresmoon3,123,71,41,339,FALSE,Sweden,2015
Mina,firfirfiyonk,202,208,40,599,FALSE,,2011
Ghetto Bumblebee,GhettoBumble,14,1,40,316,FALSE,Cybertron,2013
Fall-Chic Skeleton,DuckMonotone,1073,817,40,846,FALSE,A Very Trendy Graveyard,2016
Alice Carr,alicemerielcarr,25,63,40,464,FALSE,"Edinburgh, Scotland",2017
Andrew Williamson,awyrn,25,79,39,219,FALSE,"Williamsburg, VA",2009
Sharla Beverly,sharla1970,485,468,39,290,FALSE,Oklahoma,2010
Gabi Freitas,GBRLSF,2886,1284,39,275,FALSE,"Rio Grande do Sul, Brasil",2011
Hopkins Polin,Shimifam,470,2598,39,960,FALSE,,2013
Kiana,Kay__lov3,5078,3557,39,402,FALSE,Lake Minnetonka,2017
Carson Mayer,CarsOnABike,14,36,39,201,FALSE,"Edmonton, Alberta",2017
Forever Alone *cry*,ForeverAlone2,182,0,38,135,FALSE,,2010
Sam Barnum,angelpoise,59,3,38,80,FALSE,"Bath, Maine",2011
Amazon/Walmart DEAL,NeloyMD,32,2,38,929,FALSE,United States,2013
MarvelStudiosReddit,r_MarvelStudios,72,39,38,54,FALSE,,2017
TheBelgian,jericho71,50,7,37,1140,FALSE,,2008
Steve Holt!!,macontosh2000,1316,293,37,355,FALSE,Florida,2009
Heather,hetomlins,3,7,37,1003,FALSE,"Washington, DC",2011
James Tatum,JamesTatum42,62,62,37,360,FALSE,,2014
Nogitsuneperks,eleon96_,1510,3345,37,137,FALSE,,2015
Katie Thompson,thompsonk1_,2,3,37,42,FALSE,"Havre de Grace, MD",2017
Chase Williams,gchasewilliams,287,1148,36,604,FALSE,"Baton Rouge, LA",2011
V@L‚Ç¨NC!@,Chival9,12,3,36,196,FALSE,,2011
Carlos Silva,especiedecoiso,82,2997,36,1449,FALSE,,2012
Mr.M,Er_Mr_M,16,15,36,657,FALSE,,2013
Merel Schrijver,merelsschrijver,81,316,36,288,FALSE,,2015
Felix Azrael,FlyingSokMonkey,300,1439,36,65,FALSE,,2016
kentaro nishimura,keeen8seven,14,0,36,283,FALSE,,2017
Obinge-One Kenobi,thecrassjedi,81,12,36,1178,FALSE,,2017
Jessica Fortinberry,jlfortinberry,1968,499,35,36,FALSE,,2009
Dutch_El Plugo,BancoP_DBE,617,52,35,217,FALSE,501 To The 410,2013
Chris Rushing,crushing182,161,25,35,665,FALSE,"St Petersburg, FL",2015
Dixsha Sharma,dixshasharma6,76,5,34,43,FALSE,,2011
branidanw,1231throwaway12,0,15653,34,1641,TRUE,,2012
At Work,atworkstub,3448,961,34,147,FALSE,,2012
S√∏ren Beckman,killgoria,44,1,33,299,FALSE,Denmark,2011
Melissa Lin,meliggy,72,188,33,275,FALSE,,2012
PFHS Compliments,PFHSCompliments,45,0,33,79,FALSE,,2013
Jessica Depew,emichjessicaxo,28,2,33,157,FALSE,"Jarrettsville, MD",2014
Yarrow ‚≠ïÔ∏èüåø,yarrowdenorway,239,246,33,1426,FALSE,,2016
Musa Mohammed Kudu,MusaMohammedKu2,138,34,33,3897,FALSE,abuja,2016
Megan,Offishall_Fan,267,33,32,1357,TRUE,Coventry,2009
thetrueprime,thetrueprime12,81,10,32,336,FALSE,,2012
patrick,pleister3901,19,19,32,445,FALSE,,2013
LuuuuuChang,zhanglucooper,717,1060,32,334,FALSE,Universe,2014
SLEEP MATTRESS,sleep_mattress,22,1,32,663,FALSE,"Blacksburg, VA",2015
Al Robinson,Listman1982,41,7,32,92,FALSE,,2017
josiahjebediah,josiejeb,4,526,31,1060,TRUE,,2016
whatgagadid2day,whatgagadid2day,56,0,31,179,FALSE,Louisville KY,2010
reality check101,realitycheck104,24,1,31,214,FALSE,,2013
Matthew McGee,IndiaHoH,44,1,31,275,FALSE,,2016
Mehdi Moujahed,mehdi_moujahed,25,217,31,373,FALSE,Monastir,2016
Zach Rotter,zachrotter,882,322,30,553,FALSE,city of one thousand planets,2009
Etown LYM Crew,EtownLYMCrew,6,1,30,172,FALSE,"Elizabethtown, PA",2016
Devin,Billek4912,210,214,30,73,FALSE,United States,2016
Famosa Quem?,Filme_labor,1,1,30,326,FALSE,"Sao Paulo, Brazil",2017
Ryan Beaupit,circleoffilm,499,73,29,246,FALSE,"Pittsburgh, PA",2010
Tomi Arenius,Tomba33,124,330,29,292,TRUE,Finland,2011
Bethanie O'Neill,bethaniejean,668,173,29,162,FALSE,Maryland,2011
Gabbie franco,gabbie_franco,133,7,29,62,FALSE,,2012
Joybell,JoySpeakman,1,986,29,265,FALSE,"Delco, PA",2015
Guy Fieri,fake_GuyFieri,8,0,29,331,FALSE,"Flavortown, USA",2015
Jessica Mansfield,infilmasinlife,362,4882,29,328,FALSE,,2015
Mario Siqueira,JMarioSiqueira,85,531,29,465,FALSE,"Campos dos Goytacazes, Brasil",2016
Sarah,whatintheBenny,29,14,29,569,FALSE,Australia,2017
Megan Wichman,MrsMegWich,69,274,29,426,FALSE,"Ankeny, IA",2017
I LoVE LiFE,ilovelifeww,40,1,28,137,FALSE,California,2010
Emily Rawn,rawnway,21,176,28,364,FALSE,NYC,2012
‚ô•Talk To Me ‚ô•,A_Girlz_Life,298,33,27,185,FALSE,,2011
Sean O'Connor,SeanOConnorrrr,233,23,27,157,FALSE,,2013
Leigh Nissen,deus_ex_maybe,111,703,27,163,FALSE,South Africa,2013
Phantom Prophet,phantomprophett,13,0,27,414,FALSE,,2014
Wonky Peach,wonkypeach,217,223,27,239,FALSE,,2017
Taylor Beard,beartay14,213,654,26,96,FALSE,,2010
TerribleFuckingJoke,TfJoke,7,0,26,187,FALSE,,2013
Oc√©,OuassouOceane,103,90,26,316,FALSE,,2014
iRepairs,iRepairsLLC,5,2,26,994,FALSE,"College Park, Maryland",2014
Pedro Burgos,papopop59515253,16,62,26,188,FALSE,"Far Rockaway, Queens",2016
super super gay,evirdw,5152,5426,26,130,FALSE,,2017
Derek Pender,Pender_Derek,204,152,26,269,FALSE,"Weston, FL",2017
Josh,5280_Josh,1091,588,26,501,FALSE,"Colorado, USA",2017
david williams,davidwi86225326,390,1185,25,126,TRUE,"Surrey, British Columbia",2012
Don Gauthier,dongauthier,61,38,25,350,FALSE,,2009
#Franchise Boosters,FranchiseBPP,165,40,25,106,FALSE,Maryland Sports Arena,2013
Angel Angelani,angelaniomari5,0,0,25,438,FALSE,,2014
Maddie Williams,msmaddie96,8,8,24,59,FALSE,,2015
ShitPemilySays,ShitPemilySays,16,5,24,62,FALSE,,2016
cearly,cearly08,296,7211,24,61,FALSE,"Scottsdale, AZ",2016
üõÅ,elevenroads,7297,431,24,177,FALSE,,2016
Dennis Hui,dennishuilawyer,218,13,24,233,FALSE,,2017
Martin Montero,moonmarb,2090,4,23,117,FALSE,Dominican Republic,2010
Adam Harbour,adharbour,29,0,23,183,FALSE,"Seattle, WA",2010
Juan Marin,JuanMarin38,22,15,23,18,FALSE,3ast sid3,2011
The Girlfriend,athleteGFprobs_,59,0,23,62,FALSE,,2012
we all know a,we_allknow_that,1,0,23,158,TRUE,,2012
Rhea Stafford-Smith,rhea_s_s,125,53,23,246,FALSE,,2012
joseph jarashow,jjarashow,0,21,23,1157,TRUE,,2014
üçï,hannibible,746,3276,23,209,FALSE,United States,2014
Rob Nicholson,robnicholson16,3,1239,23,585,TRUE,,2014
Tali Kutzen,tali_kutzen,0,6,23,126,FALSE,,2015
Emiline,EmilineOpines,68,142,23,140,FALSE,,2016
Forest Berg,Mav2525,9,315,23,539,FALSE,"Dallas, TX",2016
.,LoveChoseUs,79,45,23,820,FALSE,"New York, USA",2017
Jan Diedrichsen,jandiedrichsen,9,15,22,155,FALSE,,2009
@MrNiral,MrNiral,363,265,22,70,FALSE,Chicago,2015
SVC,THESVCOMBO,44,8,22,61,FALSE,"Maryland, USA",2016
Breno Oliveira,Breno300tao,1,6,21,127,FALSE,Cariacica City,2017
bobbie-rella,alikharder,91,656,21,217,FALSE,"New York, NY",2017
arfan,imarfanc,15,3138,21,183,FALSE,Fort Smith,2009
keith connell,keithconnell3,13,3,21,172,TRUE,,2010
Carly Smith,SmithwithanH,142,263,21,242,FALSE,"Harrisburg, PA",2012
Jamie Mcbride,JamieMc16160795,8,54,21,448,FALSE,"Arkansas, USA",2017
Tyler George,tbgeorge,5,146,20,119,FALSE,,2009
Dan Reiley,dannyreiley,6,0,20,71,FALSE,,2011
Oliver Durbidge,Henchman_101,76,581,20,235,FALSE,,2016
Jingo Richard,JingoRichard9,15,40,20,232,FALSE,"Kampala, Uganda",2017
jaya,gataaurajaya,39,17,20,315,FALSE,United Kingdom,2017
Liz Brown,runlizzardrun,7,10,19,174,FALSE,"√úT: 33.50219,-86.789812",2009
Cody Drygeese,Sir_Drygeese,58,20,19,105,FALSE,,2011
Calvin Curtin,CURTIN_call,19,0,19,28,FALSE,,2011
JR,yodagabby,538,158,19,177,FALSE,,2013
SAB,PFHS_SAB,39,19,19,38,FALSE,Potomac Falls High School,2013
GamerDad64 ‚öîÔ∏è,gamerdad64,18,4043,19,155,FALSE,Knockturn Alley,2014
Adarsh Singh,adarshasingh1,7,4,19,97,FALSE,calcutta india,2015
HokieHouseTrivia,HoHosTrivia,81,1,19,35,FALSE,,2015
Matt Hamilton,portmoodymatt,8,155,19,127,FALSE,,2016
Jacob,Jacob_thedude,130,1328,18,196,FALSE,,2017
icekold969,icekold969,61,11,18,59,FALSE,,2009
Audrey Shepard,audreybt,38,58,18,94,FALSE,San Diego,2009
R. F. Haymaker,RF_Haymaker,101,246,18,144,FALSE,"Austin, TX",2010
mountmklettgnav,mountmklettgnav,201,0,18,2511,FALSE,https://twitter.com/mountmklettgnav,2010
CarnivalNight Lights,HHSWinterFormal,14,0,18,127,FALSE,Havre de Grace Maryland,2012
Stacey W.,callmestaceeey,51,0,18,257,FALSE,"Madison, WI",2012
Clarke Speicher,filmzeus,0,590,18,1373,FALSE,,2013
Shit Zach Says,ShitZachSaysss,60,3,18,21,FALSE,,2014
demetrius Stokes,demetriusStoke4,0,0,18,60,FALSE,,2014
Cj Lane,big_blunt_smoke,6,1,18,190,FALSE,,2015
Olivia Flick,olivia_flick,4,1,18,185,FALSE,"Norfolk, VA",2017
ChevelleMichelin,ChevelleMichel1,3,3,18,531,FALSE,"Brighton, MI",2017
Eadon,EadBurner,39,261,18,371,FALSE,"Paris, France",2017
Hope Ford,actressingrace,16,0,17,10,FALSE,,2009
Christian Anderson,christianraaaay,117,0,17,20,FALSE,Treasure Land,2009
Bigtimejd19,Bigtimejd19,26,49,17,135,FALSE,,2011
rosy'sredrhinoceros,elizabells,275,6463,17,128,FALSE,,2012
Doug Averbeck,douaver,70,73,16,173,FALSE,,2009
liz,utilismortifera,73,526,16,374,FALSE,,2009
Esankolawole,Gbemi90,7,2,16,140,FALSE,,2012
Jordan Miller,JordanM_24,58,2,16,46,FALSE,,2012
Connor reeves,JCBasesball,0,0,16,56,TRUE,,2014
Gene Jenkenson,swagteamswish95,44,48,16,81,FALSE,,2015
Mella,misohappyphoyou,4,567,16,181,FALSE,,2017
katms,katms2012,434,2649,15,285,FALSE,,2010
Dana Galligher,dmgalligher,55,13,15,374,FALSE,,2011
chrisw,chrisispark,34,7,15,351,FALSE,,2012
Deanna Gonzalez,DedeGonzo,31,53,15,46,FALSE,,2012
Shaquiefa La'Davion,TwerkinHuney,255,12,15,135,FALSE,,2012
Adam,pridefightin,134,81,15,219,FALSE,,2012
Emily French,emilyfrench1230,177,16,15,43,FALSE,,2013
sahib ul islam,1Nasih,20,0,15,284,TRUE,,2013
xferret,SEXFERRET,0,5,15,136,FALSE,Australia,2014
sdavis26,danakscullymd,149,2886,15,136,FALSE,,2015
Ana Carolina Gebin,carolgtweets,44,1697,15,106,FALSE,Greece,2016
American Rivals TV,ARIVALSTV,10,0,15,356,FALSE,"Baker City, OR",2017
Arvind Rathore,Arvind61738561,1443,2132,15,612,FALSE,Lalitpur Jhansi (UP),2017
Tom Brockman,its_brockmania,200,18,14,227,FALSE,,2009
AleeInStressfulDays,alluniarpasnon,15,0,14,58,FALSE,Rome,2010
Madhurya,FootyMatters_,126,750,14,88,FALSE,New York,2013
Wilfred,WiIfredOb,12,159,14,54,FALSE,,2013
Koffi joachim,joachim_koffi,88,13,14,256,FALSE,Abidjan,2014
Eric Thiedich,EricThedich,1,9,14,223,TRUE,,2014
Priya,priyyaah,52,709,14,153,FALSE,,2017
rachel forman,rachelforman5,80,347,14,116,FALSE,,2017
Matt Portner,mttprtnr,24,99,14,177,FALSE,,2017
L. Arena,illumimommie,121,695,14,197,FALSE,,2017
pretty take machine,Stupidtights,106,129,14,104,FALSE,"Toronto, Ontario",2017
craigbenson,craigbenson,56,874,13,599,FALSE,Washington,2008
Cap,mcappillino,367,6309,13,207,FALSE,United States,2012
Cathy Matgen,CathyMatgen,84,171,13,301,TRUE,,2014
Adrian Garcia,AdrianG11042035,24,14,13,584,TRUE,,2016
Chad Cognac,Koneyak,12,29,13,128,FALSE,,2017
Mark Stones,markstones,6,117,12,410,FALSE,UK,2010
Jenny Lee,jennipcl,13,2,12,172,FALSE,,2012
Brad Fallon,free_Fallon29,8,0,12,34,FALSE,,2012
HumanPudding,Humanpudding1,77,23,12,130,FALSE,,2012
Penelope Johnson,Pjohnson787,12,22,12,148,FALSE,,2014
Potomac Falls Debate,PFHSDebate,6,0,12,63,FALSE,,2014
OSU Frat Star,OSU_FratStar,0,0,12,70,FALSE,The Republican Party,2015
texasfan360,texasfan360,825,271,12,98,TRUE,,2016
Autumn Dawn,AutumnDawn311,2,138,12,151,FALSE,"Delaware, USA",2017
ATAF SC Street Team,Survivors_SC,52,1,11,62,FALSE,South Carolina,2011
Alex Sinha,ssinhhaa,3070,9896,11,292,FALSE,,2014
Jack Terry,Beckletterboxd,0,8,11,354,FALSE,,2014
The Clownening,theclownening,91,43,11,70,FALSE,,2016
USURPER,usurper_kvlt,120,2,11,103,FALSE,"Baltimore, MD",2017
vanessabarz,vanessabarz,64,38,11,7,FALSE,"California, USA",2017
Alicia M. Hawkins,ahawkintheburgh,51,435,11,688,FALSE,,2017
Katy Voisey,KKKTTTVVV,113,399,11,172,TRUE,,2017
Eoghan Costigan,BitsyCostigan,1,23,10,275,TRUE,,2010
seasonal brouhaha,klstroup,36,838,10,167,FALSE,,2012
Elliot Shelton,ElliotShelton32,0,0,10,58,FALSE,,2012
Carol Nguru,Ca_nguru,2,5,10,41,FALSE,,2012
Luke Schneider,LukeSchneider6,12,0,10,40,FALSE,,2012
zoe,ZoeMiceli,4,81,10,118,FALSE,,2013
Beto,BetoG_27,125,1257,10,191,FALSE,,2013
amber,amberayy,45,7,10,170,FALSE,,2013
Larry McMahan,dmedici7,3,3,10,20,FALSE,,2015
Alma Chapet--Batlle,alma_chapet,0,25,10,221,TRUE,,2015
Alex Motts,Ravechickss,0,0,10,196,TRUE,"Washington, DC",2016
Ashwin,Ashwin06065015,8,135,10,207,FALSE,,2017
kohajlo,kohajlo,26,112,10,245,FALSE,,2017
olivia thompson,ChEeRgIrL9595,5,1,9,48,FALSE,,2011
Nick Niqqa Roach,Lil_T33_Roach,102,6,9,99,FALSE,,2011
Finny Streett,FinnyStreett,4,0,9,10,FALSE,woof,2012
Jessica Reyes,itsjessierey,0,0,9,87,TRUE,,2012
one nut wonder,PFHS1ballwonder,61,53,9,190,FALSE,,2014
tassu,lindholmventola,872,67,9,264,FALSE,,2014
pp_gittes,pp_gittes,2,622,9,471,TRUE,,2015
Gasteier1,Gasteier75,6,12,9,70,FALSE,"Glen Ellyn, IL",2016
Jackson Quick,jacksusquickus,30,17,9,216,FALSE,"Los Angeles, CA",2017
James Craig,erasmusred,57,63,8,62,FALSE,,2010
LNC,LNC_305,2,8,8,212,FALSE,,2014
Alexis Evans,itss_lexi005,4,4,8,294,TRUE,"Maryland, USA",2017
Joey Friend,tfg_joey,8,3,8,262,TRUE,,2017
ÿ≥ÿßÿ±ÿß,Thegreatsara567,12,169,8,137,FALSE,,2017
captain badass,CaptainBadasss,38,213,8,279,FALSE,,2017
Maddy French,ZaddyFrench,0,3,8,110,FALSE,,2017
Dr. Quesadilla,dr_quesadilla,12,39,8,64,FALSE,,2017
Kagan Love,KaganLove,1,0,7,180,FALSE,,2015
Ava Brendle-Williams,woahxayyyvahhx7,1,0,7,1,FALSE,,2010
mirjana,nanjarasta,3,1,7,29,FALSE,"Trondheim, Norway",2012
lee johnson,lvchilipeppers,0,197,7,103,TRUE,,2013
M.Shea üè≥Ô∏è‚Äçüåà,m_shea42,144,196,7,106,FALSE,,2015
dudley,dudcal81,965,2186,7,540,FALSE,,2015
Andria Shyjka,livingtolearn37,2,60,7,60,FALSE,,2015
Royce Champagne.,ZolRoyce,147,2863,7,312,FALSE,Canada,2017
Tyler Mason,TylerMa90198349,89,6,7,129,FALSE,United States,2017
Ethan,dernultimatum,0,177,7,339,FALSE,"Sydney, New South Wales",2017
Thisisuppity,thisisuppity,8,4,7,190,FALSE,"Levallois-Perret, France",2017
me,me1223452345678,7,0,6,97,TRUE,"Virginia, USA",2017
Monique Watson,goofiiMoeMoe,1,0,6,7,TRUE,,2009
B.L,nicecalves,61,33,6,150,FALSE,On the cusp of the Mad Riviera,2010
Dorothy Stone,BatitoBa,25,0,6,30,FALSE,,2011
Jack Mayhoff,Jack_Mayhoff,51,1,6,31,FALSE,,2011
JAB,PFHSJAB,25,0,6,22,TRUE,,2012
Other Nut,PFHSmissingnut,10,0,6,190,FALSE,,2014
xenia,xeniablasco967,86,0,6,94,FALSE,,2014
Tomas Rimer-Surles,tomascesarrs,1,20,6,206,FALSE,,2015
Polilook,Poliilook,67,206,6,109,TRUE,,2016
Ryan Pao,0531Pao,33,16,6,264,TRUE,,2016
Lisa Shea,LisaShe33459896,3,3,6,85,TRUE,,2017
lucia belen,lucy_DeLarge,7,113,6,101,FALSE,,2017
fabiolajimenez1415@gmail.com,fabiola16183173,0,0,6,71,FALSE,"Ontario, CA",2017
Contextual Deviants,texteviants,3,2,5,64,FALSE,"St Paul, MN",2017
Kendall Pace,k3nd4ll07,17,2,5,92,FALSE,,2009
RW Chan,AhnWe,17,38,5,41,FALSE,,2012
lucas gallmann,lucasgallmann,28,0,5,68,FALSE,,2012
Haley Garner,Haley_G5,14,0,5,18,FALSE,,2012
PFHS Relay for Life,PFHSRfL,5,0,5,27,TRUE,,2013
Freddie,fred_packs,209,171,5,324,FALSE,,2017
Andrei Cristian,andreixcristian,1,0,5,19,FALSE,"Birmingham, England",2017
Miz Scarlet,mizzus_scarlet,14,129,5,254,FALSE,"Rocky Mountain West, USA",2017
Andrew Pendrak,Pendracula,1,2,5,48,FALSE,,2017
Hillary Ann,happeehillaree,6,9,5,48,FALSE,"Maryland, USA",2017
Mary Alice Miller,MaryAliceMille,0,0,5,154,FALSE,"New York, NY",2017
Mismoriah,Mizzy81848353,10,2,5,56,FALSE,"Albuquerque, NM",2017
GE Wijaya,Cap_Tuttle,0,0,5,133,TRUE,,2017
Eric Thor,EP_Thor,0,0,5,213,TRUE,,2017
Ian Averill,ianasaurousrex,14,49,4,71,FALSE,,2009
james huggins,LILJEEZY20,0,0,4,18,TRUE,,2010
Harco packs,Harcopack,27,3,4,101,FALSE,,2013
Thaniya Karkala...,thaniyakarkala,10,32,4,111,FALSE,,2013
Jessica Emich,EmichJessica,2,0,4,13,FALSE,,2014
KV,kurtv0908,0,1316,4,248,FALSE,"Minnesota, USA",2015
Aracely Peraza,AracelyPeraza2,59,20,4,13,TRUE,,2016
Victoria,vpatton818,0,0,4,43,FALSE,,2017
EHE Clinic,EHEClinic,1,0,4,73,TRUE,,2017
Mickey,beevhumbug,43,538,4,78,FALSE,,2017
Hannah Wilson,hannahwwrites,4,7,4,80,FALSE,"London, England",2017
Veronika Hansen,vghansen,1,0,3,26,TRUE,,2010
Cassandra Bee,chicky0773,33,1160,3,59,TRUE,,2010
Michael Laubner,Laubbyyyy,6,0,3,12,TRUE,,2011
euxon rabelas,ejeuxonjelline,0,1,3,104,FALSE,BATANGAS CITY,2011
julio peixoto,juliopxt,0,9,3,31,FALSE,Portugal,2012
Mallory Morgan,mallorysmorgan,0,13,3,123,FALSE,NYC & CT,2013
JT Nick,JeffreyMusicalz,1,2,3,57,FALSE,,2013
Daniel zambrano,Danielz90887770,1459,1069,3,1653,FALSE,"Ecuador, Guayaquil ",2013
Doug Sutton,dwsutton24,0,0,3,5,FALSE,,2014
Baby Giraffe,imagiraffebaby,12,9,3,7,FALSE,United States,2016
Katie M Boyle,ki11eesi,1,1,3,37,TRUE,,2016
Helena Snider,snider_davis,0,0,3,132,TRUE,"London, England",2017
Andrew Scherf,andrewlscherf,56,602,3,127,FALSE,"St Louis Park, MN",2017
Thaniya Karkala,thaniya_karkala,2,9,3,155,FALSE,Karkala,2017
Matraca Cine,MatracaCine,0,27,3,99,TRUE,"S√£o Lu√≠s, Brazil",2017
3M,dodoni9,795,973,3,90,FALSE,ÏïóÍµ≠,2017
Herbie Robinson,herbierobinson2,0,0,3,66,TRUE,,2017
Throwaway,Throwaway11389,0,1,3,101,TRUE,,2017
Adam Gevarter,AdamGevarter,3,1,2,31,FALSE,Washington DC,2012
George Longhorn,GeorgeLonghorn1,2,0,2,28,FALSE,,2011
azim,TZack94,2,0,2,4,FALSE,teluk intan,2011
Frutfive5,Frutfive5,3,0,2,8,TRUE,,2012
Lon Geraghty,GeraghtyLon,3,0,2,22,FALSE,NJ,2012
Trent Miller,trentamiller,0,0,2,30,TRUE,,2013
Brad Witt,fantasticbrad1,3,2,2,19,FALSE,,2013
Kat,KatMaddock,0,8,2,103,FALSE,,2013
Mac G,shiers21,0,0,2,34,FALSE,,2014
jeremi,jeremievans5,0,1,2,17,TRUE,,2015
Daniel A,danieliscoo,5,4,2,44,FALSE,,2015
Tre Williamson,tre_williamson,6,0,2,127,FALSE,,2015
Sarah Benenson,sarah_benenson,0,0,2,3,TRUE,,2016
Brayan Mangual Perez,BrayanMangual,9,107,2,35,TRUE,,2017
Springtime,RachelF21997124,10,120,2,47,FALSE,,2017
Patrice Pulica,PatricePulica,21,125,2,114,FALSE,"Perry, IA",2017
„Ö§,alexdrxke,2,0,2,72,FALSE,,2017
Jho Appleseed,BrunoCasunuran,7,4,2,87,FALSE,"Barcelona, Spain",2017
Gulazhar M,thirdmanisharry,0,3,2,104,FALSE,,2017
Jennifer King,JenKingPodcast,1,0,2,73,FALSE,,2017
Courtney,Courtne92430404,0,0,2,62,TRUE,,2017
Chehouse,chehouse,2,7,1,12,FALSE,,2009
Wendy,WendyLeigh624,0,0,1,2,TRUE,,2011
fuckthis9,fucktwiter9,95,1884,1,222,TRUE,,2012
D-fasho‚ñº,D_thegoer,55,0,1,27,FALSE, Sacramento ,2013
So College,1SoCollege1,0,1,1,47,TRUE,,2013
Cathy Dill,cathy_dill,0,2,1,3,TRUE,,2014
ayazulhaq5588@gmail.,ayazulhaq5588,5,7,1,5,TRUE,,2015
Bryce Connley,BryceConnley,0,7,1,8,TRUE,,2015
Nancy,nbower_nancy,0,1,1,22,TRUE,,2016
Jedi Whine Trick,jediwhinetrick,1,0,1,3,FALSE,,2017
Ratticus Finch,clamsoda,1,43,1,76,FALSE,,2017
Joanne Wilson,JoanneW30241518,0,0,1,50,TRUE,,2017
Jude Taljaard,jude_taljaard,8,10,1,166,TRUE,,2017
Josh Jupe,jupe_snow,2,0,1,30,TRUE,,2017
Alison,fematastic,0,5,1,10,FALSE,,2017
sheena,frostedrevenge,0,0,1,48,TRUE,"Houston, Texas ",2017
Sarah Ellis,SarahEl91749984,0,0,1,11,TRUE,,2017
Cody,CodyJonzz,0,0,1,61,FALSE,,2017
Briana McColgan,BesetByBirds,0,86,1,239,TRUE,,2017
Scott Alson,scott_alson,0,1,1,81,TRUE,,2017
Dedre Pereira,d_pereira88,1,0,1,29,FALSE,"London, England",2017
April May,plastickeys,0,0,0,100,TRUE,,2017
Clair Callaghan,claircallaghan,0,1,0,2771,TRUE,,2010
Nikki,JeanieRed,3,0,0,17,TRUE,,2010
Aaron Friedman,aarfried,0,1,0,37,TRUE,,2011
Iain Brown,losterinasia,0,0,0,41,TRUE,,2011
Ryan,Rlwoods78,492,1353,0,137,FALSE,,2011
Christopher,ChrisB0911,1,0,0,30,TRUE,,2013
Wayde's Mustache ,mustache_waydes,3,0,0,33,FALSE,,2014
C Sosa,CSosa02577053,1,2,0,18,TRUE,,2015
Alyson Armstrong,AlysonA97120189,1,0,0,2,FALSE,,2016
Rachel Finci,rayfinci,0,0,0,151,TRUE,,2017
Ariel Montanna Valen,MontannaAriel,1,1,0,32,TRUE,,2017
Angela Vermeulen,avn21084,0,19,0,20,TRUE,,2017
axter tib,axter_tib,67,1041,0,783,TRUE,,2017
Emely Blackwood,EmelyBlackwood,0,7,0,19,FALSE,,2017
Andrew Bedsole,Andrew_Bedsole,0,0,0,1821,TRUE,,2017
Zac Fugate,zfugate0124,2,5,0,470,TRUE,,2017
Rhett Pendlebury,RhettPlateau,0,2,0,15,TRUE,,2017
Steam Powered Penguin,PoweredPenguin,1,1,0,7,FALSE,"London, England",2017
Ser Sirius,Ser_Sirius,1,1,0,12,TRUE,,2017
Max Warren,MtheMadhatter,0,0,0,17,TRUE,,2017
Adam Freedman,AFonFilm,0,0,0,47,TRUE,,2017
Destiny,Destiny04366861,0,1,0,40,TRUE,,2017
